"Planet_number"	"p_name"	"STAR_KEY"	"Mass"	"Relative Density"	"radius"	"TERRAIN TYPE"	"Type_climate"
1	"Kaveh Sirenios"	1245	2.78	0.935	1.44	"jungle; bog"	"rocky; tropical; subartic"
2	"Sekhmet's Mirage Tertial"	7778	7.31	0.902	2.01	"volcano; canyons; island; rocky canyon; rock arche; ice cave"	"arid; subartic; frigid; artificial temperate"
3	"Anubis Serenity XII"	6463	9.49	0.624	2.48	"rocky island; mountain; volcano; plateau; acid pool; bog"	"superheated; hot; frozen; humid"
4	"Mystic Expanse Mu"	4119	na	1.546	1.77	"field"	"windy; frozen; arid; tropical; hot"
5	"Mystic Expanse Nu"	4119	na	1.201	2.02	"ocean; tundra; mountain; canyons; verdant"	"tropical; artic; hot; subartic"
6	"Bonsai Silence Prime"	37	1.79	0.882	1.27	"plain; rocky desert; lava river"	"arid; frigid"
7	"Bonsai Silence Tertial"	37	1.39	0.905	1.15	"plain"	"rocky"
8	"Kang Rho"	3202	1.37	0.689	1.26	"vine; lakes; rocky canyon; lava river; plain"	"subartic; humid; artic; temperate; arid; superheated"
9	"Kang Delta"	3202	0.58	0.755	0.92	"jungle; desert; bog; reef"	"subartic; superheated; humid"
10	"Ignitionara Hestian"	3635	7.18	1.437	1.71	"urban; rainforest; grassland"	"artic; humid"
11	"Ignitionara Gaios"	3635	3.36	1.192	1.41	"jungle; sea; fungus forest; vine"	"tropical; hot; windy; artic"
12	"Ignitionara Janusian"	3635	6.81	1.194	1.79	"reef; ice cave; island"	"frigid; arid; artificial temperate; temperate; windy; rocky"
13	"Samurai's Veil Ba"	2061	0.92	1.251	0.9	"forest; volcano; barren; tundra; scrubland"	"subartic; arid; artificial temperate; frigid"
14	"Rigel XI"	9822	1.51	1.246	1.07	"lava river; island; ocean"	"frozen; hot; windy; artificial temperate"
15	"Atakoraka VI"	1866	2.81	1.179	1.34	"plateau; verdant"	"temperate; tropical; superheated"
16	"Nekkar Rho"	3680	3.74	0.778	1.69	"scrubland; tundra; sea; urban"	"windy; tropical; frozen; arid"
17	"Quasarionix Nonal"	6688	3.9	0.841	1.67	"cityscape; fungus forest; grassland; rainforest; grassy hill; hill"	"hot; temperate; humid; superheated"
18	"Quasarionix Septimal"	6688	5.58	0.993	1.78	"toxic cloudsea; grassland; sea; river"	"subartic; temperate; frozen; tropical"
19	"Quasarionix Prime"	6688	1.98	0.642	1.46	"jungle; desert; rock arche"	"arid; tropical; frigid"
20	"Sterrennacht XI"	9598	1.24	0.661	1.23	"hill; vine"	"artic; artificial temperate"
21	"Spectral Threshold Pegasusian"	6848	0.67	1.031	0.87	"savanna; rocky island; river; jungle; verdant; field; tundra"	"rocky; artificial temperate; superheated; arid; subartic; frozen"
22	"Beid Qi"	7955	3	0.993	1.45	"acid pool; plain; savanna; desert; reef; ice canyon; ash"	"frozen; rocky; superheated; windy; frigid; humid"
23	"Beid Shi"	7955	7.82	0.825	2.12	"desert; island; grassy hill"	"subartic; temperate; artic; artificial temperate; hot; arid"
24	"Galehelm Aetherios"	710	5.43	1.285	1.62	"ash; field; verdant; island; plain; reef"	"hot; frozen; artic; subartic"
25	"Galehelm Hecatean"	710	1.07	0.775	1.11	"lava river; toxic cloudsea; cityscape; plain; acid pool"	"artic; subartic; windy; superheated"
26	"Torii Beacon Jiu"	4154	9.4	1.163	2.01	"acid pool; ice cave; island; cave; bog; sinkholes"	"hot; artificial temperate; tropical; frigid"
27	"Ain XXII"	1384	3.05	0.533	1.79	"lava river; rock arche; canyons"	"subartic; superheated; windy"
28	"Ain XVII"	1384	5.44	1.165	1.67	"plain; savanna; acid pool; fungus forest; jungle; ash"	"tropical; subartic; artificial temperate; frozen; superheated"
29	"Asellus Australis Omega"	2776	3.2	0.857	1.55	"cave"	"superheated; windy; rocky; arid; artificial temperate"
30	"Rotanev Helios"	9794	1.36	1.063	1.09	"river; acid pool; hill; savanna; verdant"	"artic; subartic; hot; tropical"
31	"Rotanev Nyxios"	9794	5.73	1.053	1.76	"valley; plain; rocky desert; verdant"	"subartic; frozen; arid"
32	"Rotanev Nereidos"	9794	6.63	1.178	1.78	"ice canyon; bog; sea; glacier"	"frozen; temperate; frigid"
33	"Galaxium XVII"	1266	1.59	na	1.38	"savanna; jungle"	"frigid; windy; humid; rocky; hot; artic"
34	"Mpingo Decimal"	2465	7.16	1.231	1.8	"canyons; verdant; city; vine; river"	"subartic; artic; arid; temperate"
35	"Mpingo Septimal"	2465	8.21	0.935	2.06	"hill"	"artic; hot; humid"
36	"Cimmerian Veil Theta"	1470	7.74	0.529	2.45	"river; hill; grassy hill"	"frozen; temperate"
37	"Cimmerian Veil Xi"	1470	2.4	1.034	1.32	"fungus forest"	"subartic; arid; humid"
38	"Cimmerian Veil Sigma"	1470	5.86	0.965	1.82	"rainforest"	"humid; frozen; temperate; artic"
39	"Yoru Ascendance Si"	1253	2.14	0.791	1.39	"ocean; field; verdant; forest"	"artificial temperate; subartic; frozen; frigid"
40	"Kalausi Er"	8575	2.04	0.664	1.45	"cliff; ocean; mountain; cityscape"	"temperate; frigid; artic; frozen; rocky"
41	"Kalausi Wu"	8575	1.72	1.139	1.15	"vine; sea; fungus forest; rocky canyon; toxic cloudsea"	"rocky; frozen; hot; artificial temperate"
42	"Muspelheim San"	9005	7.58	0.959	1.99	"city"	"arid"
43	"Alchiba Si"	448	8.9	na	1.97	""	"windy"
44	"Alchiba Qi"	448	1.76	0.563	1.46	"hill; reef; rainforest; ocean; grassland; swamp; fungus forest; cityscape; savanna"	"hot; temperate; artificial temperate; tropical; arid; rocky"
45	"Nervia Pantheon"	8845	2.44	0.846	1.42	"barren; glacier; cityscape"	"rocky; temperate; frozen; arid; subartic"
46	"Nervia Janusian"	5751	2.83	0.898	1.47	"tundra; valley; lava river; savanna"	"windy; artic; frigid; temperate; arid"
47	"Alshat Faunios"	3698	3.29	1.016	1.48	"vine; cave"	"hot; frigid; arid; subartic"
48	"Antares Octal"	4163	1.13	0.69	1.18	"valley; desert; cityscape; field; rocky desert; rocky canyon; acid pool; swamp; forest"	"artificial temperate; frozen; windy; hot; temperate; tropical; frigid"
49	"Antares Secant"	4163	2.16	0.64	1.5	"bog; field; cave; ocean"	"rocky; subartic; humid"
50	"Antares Prime"	4163	2	1.524	1.09	"ocean; canyons"	"temperate; artic"
51	"Spectronix Dionysios"	8061	2.3	0.823	1.41	"grassland; sea; ash"	"frigid; temperate; superheated; artic"
52	"Spectronix Museios"	8061	5.99	0.901	1.88	"verdant; lakes; desert; tundra; rock arche; valley"	"frigid; subartic; rocky; artic"
53	"Algorab Harpian"	5768	1.65	1.009	1.18	"rocky island; mountain; glacier; vine"	"arid; frozen; windy; frigid; temperate"
54	"Ronin's Horizon Gamma"	616	0.92	0.896	1.01	"urban; jungle; sea; fungus forest; verdant; rocky canyon; barren"	"superheated; artificial temperate; arid; hot; temperate"
55	"Hannya's Expanse Pantheon"	9753	1.08	1.045	1.01	"reef; swamp; tundra; toxic cloudsea; field; rainforest"	"frigid; arid; artic; tropical; humid"
56	"Stardrax Asclepian"	4706	na	1.015	1.99	"valley"	"artificial temperate; temperate"
57	"Stardrax Selenean"	4706	na	1.19	1.61	"verdant; rocky island; city; rock arche; hill; lava river"	"hot; superheated; arid; rocky; frigid"
58	"Nosaxa Secant"	1540	1.9	na	1.14	"river; rocky canyon"	"tropical; rocky; arid; superheated; artificial temperate; temperate"
59	"Nosaxa Quintal"	1540	1.42	1.547	0.97	"rock arche"	"rocky; artificial temperate; windy"
60	"Ancha VIII"	875	4.04	1.204	1.5	"desert"	"arid; humid; windy; frozen"
61	"Caelus Cipher Atlasios"	7650	0.87	na	1.19	"valley; verdant"	"hot; frigid; windy"
62	"Rukbat Dionysios"	366	3.73	0.742	1.71	"ash; ice canyon"	"windy; superheated; artic; subartic"
63	"Hoggar XXIII"	606	1.37	1.311	1.01	"canyons; urban; vine; savanna"	"artic; superheated; subartic; artificial temperate"
64	"Alcyone Quartal"	1269	2.77	1.268	1.3	"cityscape; cave; reef; ice canyon; lakes"	"frozen; frigid; subartic"
65	"Alcyone Secant"	1269	2.35	0.593	1.58	"hill; ice canyon"	"artificial temperate; temperate; rocky; humid; frozen; hot"
66	"Alcyone Tertial"	1269	3.02	1.168	1.37	"hill; scrubland; island"	"arid; tropical; hot; frozen; windy"
67	"Mirach Jiu"	3816	1.34	1.16	1.05	"cliff; rocky desert; rock arche; verdant; sea"	"frigid; windy; frozen; artic"
68	"Mirach Qi"	3816	1.17	1.413	0.94	"island; acid pool; lakes; ice cave; barren"	"hot; arid; artic"
69	"Yugure Radiance Eta"	2075	4.49	1.427	1.47	"canyons"	"temperate; windy; subartic"
70	"Fulu Pi"	643	na	1.058	1.18	"swamp; river; fungus forest; savanna; rocky island"	"artificial temperate; hot; tropical; temperate; windy; subartic; frozen"
71	"Fulu Zeta"	643	4.96	0.621	2	"ash; lakes; field; rainforest; rocky canyon; acid pool"	"superheated; artificial temperate; subartic; arid; windy; rocky"
72	"Ignifera XVII"	2687	8.03	1.279	1.84	"river; barren; tundra; urban; canyons; volcano; ice cave; ocean"	"subartic; artificial temperate; windy; artic; frigid; frozen; arid"
73	"Ignifera III"	2687	0.59	0.934	0.86	"plain; rocky island; grassy hill; verdant; ice cave; river; fungus forest"	"windy; superheated; humid; hot; artificial temperate; subartic"
74	"Ignifera VII"	2687	1.23	0.871	1.12	"lava river; city; jungle; vine; fungus forest"	"windy; hot; superheated; artificial temperate"
75	"Yildun VIII"	6010	7.85	0.728	2.21	"cave; plain"	"artificial temperate; subartic; rocky"
76	"Yildun XVIII"	6010	1.02	1.036	0.99	"ocean; ice canyon; sinkholes"	"tropical; humid; artic; temperate; superheated"
77	"Yildun XV"	6010	2.53	0.511	1.7	"bog; mountain; jungle; ocean; acid pool"	"arid; tropical; rocky"
78	"Bharani San"	7336	2.89	1.137	1.36	"cityscape; cliff"	"artic"
79	"Bharani Wu"	7336	5.67	0.91	1.84	"ocean"	"humid"
80	"Ma'at's Celestial Nemesisian"	9213	1.83	1.398	1.09	"bog; volcano; cityscape; rocky island; sinkholes; urban; ocean"	"artificial temperate; hot; frozen; frigid; superheated"
81	"Starlight Shroud Museios"	783	4.62	1.221	1.56	"bog; cityscape; jungle; urban; sea; valley; fungus forest"	"windy; hot; subartic; arid; frozen; superheated"
82	"Ebla Nymphios"	3412	1.75	0.772	1.31	"verdant; lakes; ash; rainforest; ice canyon; grassy hill; desert; acid pool"	"windy; superheated; artificial temperate; tropical; humid; frozen; arid"
83	"Lich Zeta"	484	0.76	na	1.02	"jungle; acid pool"	"hot; superheated; artic"
84	"Emiw Persephonian"	3386	0.6	0.833	0.9	"cityscape"	"hot; humid; rocky; frozen; windy"
85	"Emiw Aetherios"	3386	0.9	0.672	1.1	"urban; swamp"	"frigid; frozen; humid; tropical"
86	"Phantara Gaios"	7326	5.31	1.243	1.62	"rocky island; lava river; forest; cliff"	"artic; arid; windy; temperate"
87	"Ainalrami Kappa"	5154	1.53	0.891	1.2	"cityscape"	"superheated; artic; windy"
88	"Ainalrami Gamma"	4471	2.71	1.086	1.36	"sea; city; bog"	"rocky; superheated; temperate; frigid"
89	"Aozora Nebula Tritonian"	7617	6.55	1.289	1.72	"island"	"windy; artificial temperate; frozen; artic; arid"
90	"Aozora Nebula Echoian"	7617	7.04	1.46	1.69	"verdant; lakes; city"	"artic; frigid"
91	"Azelfafage Yi"	3424	9.51	0.803	2.28	"rocky island; rainforest; glacier"	"tropical; rocky; frozen; windy"
92	"Azelfafage Jiu"	3424	2.38	0.7	1.5	"lava river"	"artificial temperate; subartic; frigid; rocky; temperate; hot"
93	"Aurum Quasar Prime"	9485	6.8	0.799	2.04	"toxic cloudsea; sea; glacier; cliff; rocky canyon"	"temperate; superheated; subartic; rocky; artic"
94	"Tsuki's Beacon Vigesimal"	2941	7.12	1.228	1.8	"vine"	"windy; artic; frigid; artificial temperate"
95	"Sora Seraph Qi"	312	4.94	1.214	1.6	"vine; lakes; desert; ash; river; cave; plain"	"humid; artic; frigid; tropical; superheated"
96	"Pulsar Seraph Tritonian"	8071	1.96	na	1.26	"ice canyon; urban; reef"	"temperate; subartic"
97	"Ecliptara XXI"	362	1.07	0.878	1.07	"toxic cloudsea"	"artic"
98	"Talitha Zephyrian"	4421	7.99	0.903	2.07	"glacier; plain"	"rocky; subartic; humid; windy"
99	"Algieba Janusian"	2768	2.94	0.936	1.46	"tundra; lakes; river"	"artic; rocky"
100	"Furud Er"	2954	1.64	1.154	1.12	"acid pool; hill; savanna"	"artic; hot; windy; tropical"
101	"Taygeta I"	9077	2.02	1.096	1.23	"grassy hill; rocky desert; ice canyon"	"frigid; humid; rocky; artificial temperate; temperate; arid; tropical"
102	"Taygeta XIX"	9077	5.26	1.057	1.71	"rocky desert; cliff"	"tropical; superheated; artic; hot; humid; artificial temperate"
103	"Mothallah Qi"	6806	0.41	0.966	0.75	"reef"	"windy; tropical; temperate"
104	"Mothallah Jiu"	6806	1.36	0.758	1.22	"sea; valley; urban"	"arid; temperate"
105	"Itonda Jiu"	2314	0.39	0.737	0.81	"city; rainforest; jungle; lava river; grassy hill"	"hot; superheated; frozen"
106	"Itonda Si"	2314	0.88	1.16	0.91	"verdant; lakes"	"artificial temperate; windy"
107	"Naledi Duodecimal"	7607	9.67	1.273	1.97	"plain; river"	"windy; tropical"
108	"Luminastra Selenean"	8826	8.95	1.068	2.03	"rocky island; cityscape; forest"	"subartic; rocky"
109	"Prima Hyadum XVII"	7347	4.41	1.319	1.5	"field; plain; cliff"	"temperate; subartic"
110	"Cacophonic Murmurs Hermesios"	3219	3.09	0.951	1.48	"verdant; city; lakes"	"windy; humid; arid"
111	"Lunacraze Beta"	4348	0.76	0.865	0.96	"ice cave; acid pool; rainforest"	"artificial temperate; tropical; frigid; hot; artic"
112	"Obelisk Shadows Pantheon"	8377	2.12	0.703	1.44	"rocky desert; desert; vine"	"artic; arid"
113	"Obelisk Shadows Herculean"	8377	4.39	1.251	1.52	"hill; toxic cloudsea"	"artic"
114	"Abyssal Mirage VII"	2456	8.83	0.815	2.21	"rocky island; city; urban; river"	"humid; frigid; superheated; frozen"
115	"Alzirr XXIV"	7016	4.99	0.655	1.97	"sea; island; rock arche; rainforest"	"superheated; rocky; temperate"
116	"Alzirr XVI"	7016	2.75	1.174	1.33	"mountain"	"frozen; tropical"
117	"Rasalgethi Quintal"	2022	2.68	1.267	1.28	"ash; fungus forest"	"hot"
118	"Barnard's Star Vigesimal"	479	1.88	1.4	1.1	"grassy hill; cave"	"artificial temperate; arid; tropical"
119	"Kirei Wu"	8202	6.99	0.77	2.09	"cityscape; verdant; ice canyon; savanna"	"windy; subartic; arid; frigid"
120	"Kirei Ba"	8202	2.25	0.698	1.48	"barren; rocky island; savanna; glacier; rainforest"	"arid; humid; temperate; artic"
121	"Kirei Liu"	8202	2.73	0.944	1.42	"ice cave; jungle; bog; mountain; glacier; jungle"	"tropical; temperate; superheated; artic"
122	"Alula Australis Eosian"	7934	0.98	1.016	0.99	"ash; sinkholes; verdant"	"frigid; temperate; superheated; hot; rocky"
123	"Photara Pi"	4596	1.24	1.192	1.01	"sea; forest; grassland"	"temperate; arid; windy; humid; hot; artificial temperate; superheated"
124	"Photara Theta"	4596	6.07	1.107	1.76	"sinkholes; bog; vine; ice canyon; rocky desert; desert; grassy hill"	"windy; superheated; arid; frigid; temperate; artificial temperate"
125	"Fjordfall X"	6744	6.27	1.089	1.79	"cityscape; valley"	"hot; temperate"
126	"Segin Sirenios"	4656	2.67	0.967	1.4	"valley; city"	"humid; windy; artic"
127	"Ma'at's Silence Nu"	3368	3.74	na	1.58	"jungle"	"subartic; windy; artic; hot"
128	"Akatsuki Celestial Undecimal"	3859	5.67	0.913	1.84	"acid pool"	"humid"
129	"Akatsuki Celestial Quartal"	3859	6.26	0.784	2	"plateau; island; city; rock arche"	"humid; artificial temperate; temperate; windy"
130	"Akatsuki Celestial Sextant"	3859	4.56	1.167	1.58	"fungus forest; rainforest; toxic cloudsea; mountain"	"arid; windy; hot; superheated; tropical; artic; humid"
131	"Scarab Expanse Xi"	909	1.63	1.227	1.1	"vine; plateau"	"subartic; humid; superheated; windy; hot; tropical"
132	"Secunda Hyadum Qi"	4326	4.71	1.176	1.59	"cliff; desert; field; rock arche"	"tropical; artificial temperate; humid; arid"
133	"Homam Kappa"	4776	0.87	0.705	1.07	"verdant; barren; rocky canyon; canyons"	"arid; humid; tropical; temperate"
134	"Zosma Irisian"	8874	3.51	1.076	1.48	"sea; rocky island; island"	"superheated; tropical; humid"
135	"Obsidian Threshold Hecatean"	9305	5.22	1.161	1.65	"rainforest"	"humid; rocky; artic"
136	"Obsidian Threshold Herculean"	9305	1.29	1.107	1.05	"ocean; city; verdant; cliff; sinkholes"	"frozen; hot; superheated"
137	"Haruka Echoes Centaurios"	3925	8.47	1.071	1.99	"lakes; cliff; fungus forest; rock arche; vine; city; ocean"	"superheated; hot; arid; tropical; subartic"
138	"Mintaka XI"	5200	3.62	0.944	1.57	"city"	"temperate; artificial temperate; superheated; artic"
139	"Mintaka XV"	5200	7.14	na	2.06	"tundra; grassy hill"	"artic; temperate; subartic; frozen; artificial temperate; windy"
140	"Mintaka XVII"	5200	3.46	0.597	1.8	"vine; savanna; toxic cloudsea; city"	"hot; frozen; artic; windy"
141	"Kamikaze Resonance Si"	8328	6.66	1.127	1.81	"toxic cloudsea; fungus forest; river"	"temperate; superheated; hot; frozen; subartic"
142	"Kamikaze Resonance Shi"	8328	3.88	0.883	1.64	"savanna; urban; field"	"temperate; hot; artificial temperate"
143	"Helian Nebula Qi"	5081	0.65	1.151	0.83	"grassland; urban; acid pool; vine; cityscape"	"temperate; arid; rocky; frozen"
144	"Helian Nebula San"	5081	9.26	0.923	2.16	"plateau; urban"	"temperate; windy; artic; hot"
145	"Lunarisys Nonal"	5031	2.2	1.221	1.22	"ocean; field; forest"	"windy; temperate; subartic; artificial temperate"
146	"Lunarisys Quintal"	5031	2.43	0.706	1.51	"tundra; fungus forest; vine; toxic cloudsea; lakes"	"frigid; tropical; rocky; artic; arid; hot"
147	"Siriusnova XXII"	9035	3.17	0.9	1.52	"ocean; cave; bog; rocky desert; acid pool; mountain; toxic cloudsea; cliff"	"rocky; humid; temperate; frigid; artic"
148	"Siriusnova X"	9035	0.79	1.453	0.82	"reef; cave; rock arche; toxic cloudsea"	"frigid; superheated; artic; windy; subartic"
149	"Siriusnova XXI"	9035	1.41	0.961	1.14	"rocky island; cave; forest; field; lava river; cityscape; urban"	"humid; frozen; windy; rocky; hot; superheated"
150	"Capella Prime"	2569	6.6	1.056	1.84	"bog; acid pool"	"subartic; hot"
151	"Nyxian Whispers Echoian"	813	1.07	1.077	1	"vine; savanna; urban"	"rocky; humid; artic"
152	"Chechia Quartal"	1717	1.57	1.378	1.04	"grassland; sea"	"rocky; subartic; humid; artificial temperate"
153	"Chechia Tertial"	1717	1.69	1.15	1.14	"river; grassy hill; lakes; plateau; volcano"	"hot; rocky; humid; artic"
154	"Sakura's Silence Pi"	1867	3.07	0.871	1.52	"island"	"artic; hot; arid; frozen"
155	"Koit Nereidos"	7373	2.37	0.79	1.44	"ash; jungle; forest; desert; swamp; lakes"	"rocky; arid; windy; superheated; tropical"
156	"Selene's Whimsy Upsilon"	6657	2.29	0.354	1.86	"forest; cityscape"	"rocky"
157	"Astral Serenity Nu"	6865	7.95	0.941	2.04	"rocky canyon"	"temperate; frigid"
158	"Astral Serenity Gamma"	6865	1.11	0.791	1.12	"cityscape"	"arid; subartic; tropical; frigid; superheated"
159	"Astral Serenity Upsilon"	6865	8.7	1.234	1.92	"rainforest"	"tropical; frigid"
160	"Helionis Delta"	5440	1.54	1.015	1.15	"plateau; forest; plain; glacier; bog; valley; grassy hill"	"humid; superheated; temperate; rocky; frigid; windy; artificial temperate"
161	"Seishin Kappa"	6369	0.39	1.185	0.69	"barren; rocky canyon; cave; reef; grassy hill"	"arid; rocky; hot; tropical"
162	"Seishin Psi"	6369	0.72	0.59	1.07	"field; island; river; sea; savanna"	"temperate; tropical; superheated"
163	"Seishin Chi"	6369	2.73	1.005	1.4	"vine"	"temperate; artic"
164	"Fomalhaut XIV"	3819	na	1.348	1.11	"sinkholes; forest; rocky desert; ice cave"	"frigid; humid; artic; rocky; hot; frozen"
165	"Fomalhaut XX"	3819	1.21	0.905	1.1	"plain; reef; barren; ash; ice canyon; urban"	"subartic; arid; humid; rocky; hot"
166	"Elysiumix San"	2721	8.9	1.429	1.84	"rock arche; hill; grassland; reef; ocean; field; lakes"	"temperate; subartic; frigid; humid; artic; tropical"
167	"Peacock Qi"	7116	0.36	1.232	0.66	"tundra; canyons; jungle; ash; desert; grassy hill; rocky desert; reef"	"hot; subartic; windy; humid; artic; rocky"
168	"Celestros San"	8569	6.03	0.835	1.93	"forest; canyons"	"artificial temperate"
169	"Celestros Ba"	8569	na	0.983	1.65	"city"	"frozen; artic; windy"
170	"Lilii Borea Alpha"	7679	4.45	1.082	1.6	"sinkholes; urban; plain; desert; canyons; volcano"	"frigid; rocky; arid; superheated; subartic"
171	"Angetenar Asclepian"	6319	1.52	0.958	1.17	"jungle; plateau; forest; rocky canyon; tundra; cave; mountain"	"rocky; hot; superheated; artificial temperate; frozen"
172	"Heliconian Whispers Zephyrian"	8207	na	1.457	1.88	"ocean; city; forest; reef; canyons"	"tropical; rocky; artic; subartic"
173	"Solaris Cascade Ba"	6270	7.68	1.353	1.78	"cave; island; tundra; savanna; hill"	"temperate; rocky; superheated; frigid; windy; frozen; tropical"
174	"Tislit Omicron"	7006	3.56	1.017	1.52	"cliff; rainforest; urban"	"superheated; frozen; subartic; artificial temperate"
175	"Tislit Delta"	7006	8.52	0.912	2.11	"volcano; city; savanna"	"subartic; arid"
176	"Guniibuu Gamma"	6587	0.63	1.068	0.84	"reef; cityscape; valley; ice canyon"	"rocky; frigid; artic"
177	"Guniibuu Zeta"	6587	9.09	1.001	2.09	"jungle; hill; vine; valley; urban; fungus forest"	"humid; rocky; temperate; frozen; windy; tropical"
178	"Guniibuu Kappa"	6587	2.86	1.12	1.37	"ocean"	"frigid"
179	"Dalim Asclepian"	6645	2.5	1.169	1.29	"glacier; acid pool"	"artic; superheated; tropical; artificial temperate"
180	"Zenithariana Aphroditos"	8283	7.03	1.352	1.73	"vine; city"	"artic; tropical; arid"
181	"Betelgeuse XII"	7726	1.69	1.146	1.14	"plain; lakes; field; rocky canyon; toxic cloudsea"	"temperate; frigid; frozen; arid; windy"
182	"Betelgeuse XIII"	7726	0.97	0.934	1.01	"cityscape"	"tropical; superheated; subartic; humid"
183	"Betelgeuse V"	7726	1.7	1.567	1.03	"rocky desert"	"artic; humid; superheated; tropical; frozen; subartic"
184	"Arcalís Harpian"	47	na	0.978	1.19	"river; plain; vine"	"artic; frigid; rocky; subartic"
185	"Chara Olympios"	674	3.18	0.683	1.67	"hill; urban"	"tropical; superheated; frigid"
186	"Chara Dionian"	674	4.63	1.062	1.63	"river"	"artificial temperate; frozen"
187	"Ronin's Enigma Upsilon"	280	1.47	1.127	1.09	"island; canyons; forest; ocean; fungus forest"	"arid; frigid; artificial temperate; tropical"
188	"Tsuki's Nebula Secant"	9815	6.43	0.823	1.98	"ash; rocky island; sinkholes; tundra; rocky desert; vine; island"	"rocky; humid; superheated; windy; tropical; hot"
189	"Tureis Zephyrian"	7907	1.6	0.942	1.19	"hill"	"rocky; tropical; artic; artificial temperate"
190	"Symbionara Er"	3626	5.71	1.113	1.72	"fungus forest"	"artificial temperate; frozen; humid; artic"
191	"Symbionara San"	3626	2.9	0.882	1.49	"plateau"	"temperate; subartic; frozen"
192	"Symbionara Yi"	3626	2.59	0.974	1.39	"sinkholes; savanna"	"artic; windy; superheated; artificial temperate; frozen"
193	"Nebuloria Kappa"	8260	5.62	1.308	1.63	"river; vine; hill; ocean; canyons; valley"	"rocky; frozen; tropical; artic; humid; arid"
194	"Helixar II"	5611	2.98	0.951	1.46	"cityscape"	"frigid; windy; hot; arid"
195	"Paikauhale Cerberian"	6303	4.99	1.108	1.65	"vine; cliff"	"superheated; humid; artificial temperate"
196	"Celestrium Nymphios"	6987	3.22	1.465	1.3	"rock arche; verdant"	"frigid"
197	"Celestrium Cerberian"	6987	6.56	1.111	1.81	"forest; rocky desert; jungle; glacier; valley; cliff"	"artificial temperate; tropical; artic; subartic; frigid"
198	"Celestrium Apollox"	6987	4.85	0.647	1.96	"sea; lakes"	"hot; windy"
199	"Alshain Dionysios"	389	1.29	0.92	1.12	"forest; hill; rock arche; acid pool"	"temperate; frozen; rocky"
200	"Nebulae Cipher Nereidos"	9431	5.84	0.788	1.95	"rock arche"	"frozen; artificial temperate; superheated"
201	"Alcor VI"	6408	1.61	0.741	1.29	"acid pool"	"humid; artic; windy"
202	"Alcor V"	6408	1.7	0.862	1.25	"ocean; rocky canyon; city; glacier; river"	"artic; windy; tropical; subartic; frigid"
203	"Alcor XXI"	6408	1.29	0.789	1.18	"vine; jungle"	"temperate; rocky; tropical"
204	"Fawaris XXI"	1573	2.71	0.849	1.47	"hill; rock arche; verdant; rocky desert"	"superheated; frozen; artic; windy"
205	"Nile Celestial Decimal"	5429	4.38	0.755	1.8	"reef; tundra; hill; swamp; plain"	"windy; rocky; superheated; humid; hot"
206	"Nile Celestial Prime"	5429	7.55	0.988	1.97	"ocean; canyons; forest; rocky desert; lava river"	"superheated; arid; artificial temperate"
207	"Sadr Wu"	4437	1.08	1.166	0.97	"rocky island"	"artificial temperate"
208	"Sadr Yi"	4437	1.54	1.141	1.11	"plateau; plain"	"arid"
209	"Shinju Serenity Omicron"	7738	8.09	0.893	2.08	"savanna; cave; ice canyon"	"artic; superheated; arid"
210	"Sylvarix Tertial"	5163	2.77	0.781	1.52	"mountain; ice cave; jungle; savanna"	"tropical; frigid; hot; subartic; artificial temperate"
211	"Wezen II"	6223	2.09	0.723	1.42	"sea; acid pool; mountain; volcano"	"artic; subartic; tropical; humid; windy; arid"
212	"Wezen XXI"	6223	1.25	1.012	1.07	"canyons; rocky island"	"rocky"
213	"Intercrus Chimeraean"	7407	1.26	0.98	1.09	"valley; acid pool"	"hot"
214	"Alruba Upsilon"	7327	7.1	0.7	2.16	"savanna; cave; sinkholes; urban; verdant; vine; field; rainforest"	"rocky; subartic; tropical; humid; superheated"
215	"Alruba Gamma"	7327	1.78	1.059	1.19	"mountain; tundra; cave"	"frigid; tropical; superheated; hot"
216	"Alruba Kappa"	7327	2.88	1.33	1.29	"rock arche; plain; toxic cloudsea; rocky desert; valley; cityscape; ocean"	"temperate; subartic; frozen; frigid; artic; humid; windy"
217	"Altair Er"	1440	6.46	1.233	1.74	"ice cave; toxic cloudsea; cave"	"subartic; artic; frozen"
218	"La Superba Vigesimal"	8350	6.38	0.941	1.89	"ice canyon"	"artic; tropical; humid; hot"
219	"Comet Veil Pi"	7909	0.55	1.209	0.77	"rocky canyon"	"tropical; hot; subartic; arid; temperate"
220	"Astrum Quasar X"	9016	1.62	1.097	1.14	"desert; field; reef"	"frozen; hot"
221	"Starshard Theta"	7635	5	0.762	1.87	"city; bog; savanna; scrubland"	"hot; arid; superheated; artificial temperate; artic"
222	"Starshard Phi"	7635	1.29	0.777	1.18	"city; valley"	"artificial temperate; tropical; frigid; arid; humid; windy"
223	"Starshard Omega"	7635	5.06	1.278	1.58	"jungle"	"superheated"
224	"Denebola IX"	2379	0.56	1.046	0.81	"swamp; sinkholes; urban; glacier; reef; fungus forest"	"subartic; superheated; humid; frigid"
225	"Taiyi Wu"	903	6.32	1.603	1.58	"reef"	"temperate; superheated; rocky; tropical; frozen; artic"
226	"Taiyi Shi"	903	0.67	0.858	0.92	"canyons; plain; river; reef; acid pool; grassy hill"	"rocky; subartic; artic; temperate"
227	"Taiyi Ba"	903	1.39	0.887	1.16	"valley; sea; plateau"	"rocky; tropical; arid; frozen; windy"
228	"Spectrion Duodecimal"	3863	0.75	1.021	0.9	"cave"	"subartic"
229	"Spectrion Octal"	3863	2.14	1.065	1.26	"hill; forest"	"humid; temperate; artic"
230	"Whalebone Theta"	7921	4.47	1.159	1.57	"rock arche; cave; vine"	"superheated; arid"
231	"Khambalia VIII"	54	6.22	1.107	1.78	"swamp; lava river; valley; hill; reef; cliff"	"frigid; humid; frozen; arid"
232	"Sagarmatha Secant"	5098	5.19	1.127	1.66	"ice cave; ash; rocky desert; city"	"artic; windy; frozen; humid; frigid; hot"
233	"Sagarmatha Nonal"	5098	4.72	0.918	1.73	"island"	"hot; tropical; humid; superheated; frozen"
234	"Umi Expanse Nymphios"	1148	5.96	1.051	1.78	"ash; ice cave; river; rocky desert"	"tropical; frigid; superheated; frozen"
235	"Ninja's Radiance Orphean"	8214	1.46	1.062	1.11	"rock arche; verdant; vine; tundra"	"hot; subartic; rocky; windy"
236	"Ninja's Radiance Persephonian"	8214	3.49	1.341	1.38	"reef"	"arid; tropical; frozen; artificial temperate; frigid; artic"
237	"Dubhe Vigesimal"	9001	1.8	1.289	1.12	"island"	"tropical"
238	"Dubhe Quintal"	9001	6.05	0.941	1.86	"river; rock arche; jungle; valley; cityscape; jungle"	"rocky; tropical; subartic; frigid"
239	"Dubhe Undecimal"	9001	7.92	0.949	2.03	"rock arche; fungus forest; ice cave; toxic cloudsea"	"tropical; artic; temperate; rocky; humid"
240	"Kōri Resonance Apollox"	9570	1.3	1.498	0.95	"rocky desert"	"frigid; windy; hot; arid"
241	"Kōri Resonance Herculean"	9570	1.61	na	1.1	"acid pool; river"	"superheated; temperate; windy; rocky; artic"
242	"Geisha's Echo Dionysios"	5911	4.63	1.292	1.53	"cave; verdant; cityscape; urban; canyons"	"superheated; artic; arid"
243	"Porrima Omicron"	4032	3.24	0.779	1.61	"lakes; rainforest; acid pool; island; ice canyon; plateau"	"arid; superheated; frigid; artic"
244	"Novaflare Omicron"	4286	1.72	1.181	1.13	"rock arche; reef; lakes; jungle; grassy hill"	"hot; rocky; frozen; tropical"
245	"Hikari Gaze Yi"	3433	0.99	1.156	0.95	"acid pool"	"frigid; windy; humid"
246	"Hikari Gaze Er"	3433	0.38	0.872	0.76	"city; swamp; rocky island; sea; hill; lakes"	"frozen; artificial temperate; superheated; humid"
247	"Hikari Gaze Si"	3433	0.67	1.412	0.78	"ash; grassy hill; acid pool; valley; cave; jungle; rock arche"	"temperate; frigid; superheated; windy; tropical; arid"
248	"Nebulonix Pegasusian"	7269	1.08	0.882	1.07	"desert; rocky canyon"	"tropical; artic; frozen; arid; humid"
249	"Nebulonix Dionysios"	7269	6.01	1.099	1.76	"barren"	"temperate; windy; subartic; arid"
250	"Nebulonix Hadean"	7269	8.75	0.787	2.23	"valley; plain; grassland; cliff; hill"	"arid; tropical; temperate"
251	"Natasha XXI"	7313	3.56	na	1.46	"acid pool; vine; canyons"	"rocky; frigid"
252	"Novaflame XXI"	4038	1.5	0.92	1.18	"river; valley"	"subartic; tropical"
253	"Novaflame XVII"	4038	1.38	1.102	1.08	"jungle; rock arche"	"windy; tropical; superheated"
254	"Novaflame XXII"	4038	3.34	1.326	1.36	"swamp; jungle; desert"	"tropical; subartic; artificial temperate; windy; arid"
255	"Stellarastra Ba"	9968	3.35	1.023	1.49	"rocky canyon; plateau"	"temperate; superheated; rocky; frozen; humid"
256	"Stellarastra Jiu"	9968	1.74	0.92	1.24	"cave; rocky island"	"rocky; frigid; arid; hot; superheated; artificial temperate"
257	"Stellarastra San"	9968	5.95	1.009	1.81	"toxic cloudsea; river; forest; rocky desert; jungle; rocky canyon"	"temperate; artificial temperate; hot; frozen"
258	"Shinju Irisian"	2811	0.85	0.765	1.04	"field; ice canyon; rocky island"	"artic; temperate; artificial temperate; arid"
259	"Radiantara Psychean"	7859	2.42	1.008	1.34	"reef; savanna; barren; rainforest"	"hot; temperate; windy; humid; arid; artificial temperate"
260	"Skaldspark Decimal"	4676	1.82	0.865	1.28	"ocean"	"temperate; rocky; arid; hot; subartic; humid"
261	"Skaldspark Vigesimal"	4676	1.9	0.719	1.38	"grassland; reef"	"superheated; tropical; arid; humid; rocky"
262	"Asterope Omega"	7341	1.48	0.968	1.15	""	"windy"
263	"Icewind Quintal"	3523	0.77	1.342	0.83	"urban"	"frozen; artificial temperate; frigid"
264	"Icewind Septimal"	3523	1.63	0.981	1.18	"cave"	"superheated; frozen"
265	"Infinite Iris Kappa"	8466	0.49	1.075	0.77	"city; grassy hill"	"frozen; superheated; humid"
266	"Infinite Iris Nu"	8466	5.46	1.493	1.54	"plateau; ice cave; glacier"	"frozen; humid; windy; artificial temperate"
267	"Infinite Iris Sigma"	8466	na	0.807	1.24	"tundra; sinkholes; grassland; cliff"	"hot; windy; artic; temperate; superheated"
268	"Tuiren Octal"	7221	1.99	1.192	1.19	"forest; bog"	"rocky; hot; frozen"
269	"Tuiren Quartal"	7221	6.47	1.44	1.65	"verdant; acid pool"	"tropical; rocky; superheated; humid"
270	"Arkab Posterior XXIV"	4649	6.46	0.391	2.55	"bog; island"	"hot; rocky; superheated; temperate"
271	"Arkab Posterior XIV"	4649	7.85	1.077	1.94	"city; plain; acid pool; mountain"	"frigid; windy; rocky; tropical"
272	"Ogma Alpha"	4321	6.14	0.732	2.03	"city"	"frozen; artificial temperate; humid"
273	"Jabbah Lambda"	3231	0.58	0.502	1.05	"sinkholes; ash; sea; city"	"humid; temperate; rocky; arid; superheated; frigid; hot"
274	"Edasich Sextant"	9125	2.39	1.013	1.33	"forest; urban; swamp; tundra"	"rocky; subartic; tropical"
275	"Edasich Quintal"	9125	3.96	0.821	1.69	"rainforest; river; plateau; acid pool; city; vine"	"frigid; superheated; hot; subartic; rocky; frozen"
276	"Hannya's Silence Irisian"	1263	4.87	1.162	1.61	"rocky desert"	"superheated; artic; frozen; rocky; windy; humid"
277	"Hannya's Silence Poseidian"	1263	5.89	1.124	1.74	"field; island; cliff"	"frigid; temperate; artic; artificial temperate; hot; tropical"
278	"Hannya's Silence Janusian"	1263	8.56	na	2.02	"rainforest; ice cave; city; rocky desert; sinkholes"	"artificial temperate; frigid; temperate; hot; tropical; artic"
279	"Haruka Qi"	9748	0.82	1.353	0.85	"vine; canyons"	"rocky; frozen"
280	"Zaurak Kappa"	6793	1.99	1.114	1.21	"urban; acid pool; volcano"	"hot; frozen"
281	"Tesserara Irisian"	5013	5.73	0.838	1.9	"savanna; fungus forest; jungle; glacier; acid pool"	"frozen; hot; tropical; rocky"
282	"Ukdah II"	1373	1.26	0.973	1.09	"river; fungus forest; plain; ice cave; forest; tundra"	"rocky; tropical; frigid; artic"
283	"Astraflux Eosian"	1709	1.76	1.293	1.11	"rocky canyon; bog; fungus forest; verdant"	"hot; humid; artic; tropical"
284	"Markeb Wu"	2387	1.58	0.907	1.2	"valley"	"artificial temperate; windy"
285	"Markeb Qi"	2387	na	1.28	1.65	"cave; hill; canyons; rocky island; cityscape; grassy hill"	"hot; artificial temperate; artic; subartic"
286	"Markeb Ba"	2387	6.82	0.995	1.9	"cityscape; cave"	"temperate; windy; frozen; subartic"
287	"Aegis Cryptic Ba"	7554	na	1.519	1.12	"ice canyon; urban; sinkholes; reef"	"artic; superheated; humid; hot; artificial temperate"
288	"Aegis Cryptic Wu"	7554	4.72	1.249	1.56	"urban; jungle; reef"	"arid; superheated; tropical"
289	"Kaze Nonal"	5631	2.41	0.689	1.52	"plateau; city; field; grassy hill"	"frigid; frozen; hot"
290	"Kaze Sextant"	5631	1	0.99	1	"rocky canyon; river; swamp; tundra"	"artic; hot; arid; tropical; frigid"
291	"Kaze Secant"	5631	0.6	0.766	0.92	"urban; jungle; swamp; reef"	"hot; subartic; humid"
292	"Sadalbari Alpha"	4962	5.52	1.061	1.73	"acid pool; vine; sea"	"frozen; rocky; temperate; subartic; artificial temperate"
293	"Astral Echo Nereidos"	5707	6.23	1.11	1.78	"lava river; rocky desert; rocky canyon; sinkholes; ash; valley"	"superheated; arid; hot; humid; frigid"
294	"Phact Si"	5521	2.53	0.81	1.46	"desert; urban; lakes; grassy hill; rocky canyon"	"rocky; superheated; hot; tropical; frozen; arid; artic"
295	"Abyssal Echo Si"	8258	8.61	1.134	1.97	"desert; valley"	"rocky"
296	"Propus Alpha"	1825	2.54	0.982	1.37	"fungus forest; reef; barren"	"subartic; tropical; hot; superheated; arid"
297	"Propus Psi"	1825	9.66	0.763	2.33	"volcano; grassland; rocky desert; sea; verdant"	"subartic; frozen; arid; humid; hot"
298	"Solarionara Sirenios"	1616	na	1.447	1.62	"cave; cliff; sea; tundra"	"frigid; artic; temperate"
299	"Solarionara Gaian"	1616	1.48	0.947	1.16	"rocky canyon; ice cave; vine; reef; savanna"	"artificial temperate; frozen; rocky; frigid"
300	"Achernar Nereidos"	494	2	1.45	1.11	"tundra; plateau; cave"	"artic; frozen; temperate"
301	"Almaaz XXI"	407	1.31	1.124	1.05	"rocky island; glacier; volcano; plain; jungle; ice canyon; cityscape; rock arche; rocky canyon; grassland"	"arid; rocky; artic; superheated; hot; humid; artificial temperate"
302	"Phantasma Wu"	9090	6.46	1.092	1.81	"sea"	"temperate; frozen"
303	"Phantasma Shi"	9090	3.88	0.698	1.77	"river; acid pool; reef"	"frigid; rocky; temperate; humid"
304	"Phantasma Yi"	9090	3.26	0.961	1.5	"cave"	"frozen"
305	"Skat Aphroditos"	137	4.84	0.737	1.87	"canyons"	"superheated; subartic; temperate; artic"
306	"Zephyrianix XIX"	2722	2.3	1.447	1.17	"sea; rocky canyon; plain; field"	"frigid; artificial temperate; arid; artic"
307	"Kōri San"	2068	2.85	0.988	1.42	"island; cliff; urban; verdant; plateau; ice canyon"	"superheated; tropical; temperate; frozen; artic"
308	"Acrux Gamma"	205	0.82	1.305	0.86	"grassland; bog; river"	"superheated; temperate; tropical; windy"
309	"Nebula Nova San"	9862	6.75	1.14	1.81	"grassy hill; rainforest; reef; ice canyon"	"superheated; artic; humid"
310	"Nebula Nova Jiu"	9862	4.57	1.189	1.57	"cityscape"	"subartic; superheated"
311	"Lysian Nexus Qi"	6557	8.14	1.407	1.8	"plateau; forest; verdant; lava river"	"artic; windy; tropical; arid; frozen"
312	"Lysian Nexus Yi"	6557	2.3	0.757	1.45	"cliff; canyons; volcano; river"	"tropical; artic; superheated; frozen; hot"
313	"Enishi Resonance Poseidian"	2324	1.99	0.918	1.29	"hill"	"frigid; windy"
314	"Mira Psychean"	9075	2.6	0.952	1.4	"rocky island; toxic cloudsea"	"artificial temperate; frozen"
315	"Sirius V"	9969	5.41	0.94	1.79	"vine; cityscape; verdant"	"hot; superheated; rocky"
316	"Cosmoflare XIV"	7485	5.37	0.999	1.75	"rainforest; lakes; sea; scrubland; grassland"	"frigid; arid; temperate; artificial temperate; windy; artic; superheated"
317	"Cosmoflare XIII"	7485	2.18	0.467	1.67	"sinkholes; cave; rainforest; sea; ash; verdant; rocky canyon; river"	"rocky; arid; hot; superheated; temperate; artificial temperate; windy"
318	"Cosmoflare XXII"	7485	7.43	1.025	1.94	"field; rocky island; vine"	"artic; artificial temperate"
319	"Celestial Cascade Chimeraean"	7365	7.16	1.32	1.76	"savanna; ocean"	"frigid; rocky"
320	"Celestial Cascade Demetrian"	7365	1.9	1.181	1.17	"hill; sinkholes; plain; volcano; glacier; rocky desert; swamp; acid pool"	"frozen; windy; superheated; subartic; tropical; temperate"
321	"Celestial Cascade Selenean"	7365	3.65	0.361	2.16	"plain"	"windy; frozen; humid; superheated"
322	"Elgafar IV"	5035	1.99	0.728	1.4	"swamp"	"tropical; artificial temperate; windy; artic; arid"
323	"Phoenicia Pi"	2669	1.79	0.432	1.61	"sea; jungle; forest; bog; tundra; verdant; grassland"	"humid; temperate; superheated; arid; frigid; artic"
324	"Arcanara XIX"	245	0.42	0.564	0.91	"ash; lakes; valley; lava river; bog"	"superheated; artic; arid; windy; subartic; humid"
325	"Sabik Oranos"	7078	1.72	0.791	1.3	"rocky desert; canyons; river; rocky island"	"subartic; humid; artic; temperate; frigid"
326	"Sabik Aetherios"	7078	4.01	1.013	1.58	"ice canyon; tundra"	"frozen; rocky; subartic; frigid"
327	"Cerulean Cryptic Pegasusian"	7892	5.53	1.194	1.67	"field"	"frozen; superheated; arid; temperate; humid"
328	"Hanami Echo IX"	8810	0.71	0.937	0.91	"rocky canyon; valley; bog"	"temperate; tropical"
329	"Hanami Echo XXIII"	8810	1.01	1.05	0.99	"sea; glacier; canyons; bog; rocky island; grassy hill; jungle; toxic cloudsea"	"arid; frigid; tropical; hot; artic; rocky"
330	"Solstara Asclepian"	3075	5.93	0.704	2.03	"verdant; urban"	"superheated"
331	"Kochab IV"	9383	1.95	1.603	1.07	"sinkholes; sea; island"	"frigid; superheated; artificial temperate; artic; arid; tropical"
332	"Whispering Cosmos Echoian"	3913	6.87	1.077	1.85	"jungle"	"artic; windy; hot; temperate"
333	"Eagleeye I"	9076	5.38	na	1.59	"valley; rock arche"	"subartic"
334	"Eagleeye XVI"	9076	8	1.056	1.96	"cliff; vine; sea; reef; sinkholes"	"arid; temperate; rocky; hot"
335	"Kaffaljidhma Omicron"	8234	1.1	1.125	0.99	"plain; fungus forest; verdant; ice cave; mountain; sinkholes; ash; tundra"	"humid; artic; windy; artificial temperate; hot; subartic; arid"
336	"Kaffaljidhma Omega"	8234	1.69	0.871	1.25	"tundra; plain; grassland"	"windy; artic; humid; frozen; tropical; temperate; rocky"
337	"Kaffaljidhma Chi"	8234	5.01	0.938	1.75	"mountain; river; reef"	"subartic; temperate; artificial temperate; humid"
338	"Quantum Mirage XX"	9548	7.04	0.78	2.08	"cityscape; bog; ash; forest; reef"	"rocky; humid; subartic; superheated; windy"
339	"Iklil Tertial"	9235	3.41	0.829	1.6	"glacier; cave; mountain; jungle; cliff; bog; rocky desert"	"frozen; hot; subartic; humid; artificial temperate"
340	"Iklil Octal"	9235	5.15	0.751	1.9	"swamp; grassy hill; cityscape; savanna; forest; lakes; vine; rocky island"	"superheated; hot; humid; temperate; rocky"
341	"Aquilan Cipher Echoian"	449	2.26	1.489	1.15	"river"	"frigid; tropical"
342	"Aquilan Cipher Nymphios"	449	5.35	1.223	1.64	"grassland"	"humid; windy; temperate; artic; subartic; frigid"
343	"Aquilan Cipher Athenian"	449	1.66	na	1.27	"volcano; ash; rocky desert; desert"	"artic; tropical; arid; superheated; humid"
344	"Umbral Silence IV"	2896	1.87	0.702	1.39	"cave; cityscape; jungle; vine; lakes; rocky desert"	"frigid; hot; arid; artificial temperate; artic; temperate"
345	"Snowstrider Aphroditos"	3697	0.9	0.991	0.97	"island"	"subartic; artic; humid"
346	"Snowstrider Centaurios"	3697	0.89	1.352	0.87	"cliff; river; canyons; vine; jungle; sea; forest; plateau; reef; city"	"subartic; superheated; temperate; humid; tropical; frigid; arid"
347	"Lunar Quasar Liu"	9078	3.18	0.955	1.49	"lava river; savanna"	"hot; temperate"
348	"Lunar Quasar Er"	9078	2.88	0.796	1.54	"field"	"subartic; frozen; temperate; arid; superheated"
349	"Gakyid Phi"	9960	0.56	1.31	0.75	"urban; lakes"	"subartic"
350	"Gakyid Delta"	9960	3.53	0.828	1.62	"river; lava river; rocky desert; jungle; toxic cloudsea"	"tropical; frigid; superheated; frozen"
351	"Gakyid Upsilon"	9960	2.43	1.153	1.28	"jungle; cliff; hill; lakes; rainforest"	"artic; tropical; arid; frigid"
352	"Rasalas Astraeos"	6648	2.35	1.209	1.25	"cave"	"hot; artificial temperate; windy; rocky; frigid"
353	"Skybreaker Ba"	6517	8.46	1.203	1.92	"desert; sea; sinkholes; lava river"	"frigid; frozen; superheated; windy"
354	"Skybreaker Shi"	6517	5.64	0.72	1.99	"cityscape; island; swamp; urban; ocean"	"rocky; artic; frigid; humid"
355	"Grumium Hecatean"	5862	0.93	0.895	1.01	"rainforest; forest"	"superheated; humid; tropical; windy"
356	"Grumium Museios"	5862	5.53	0.662	2.03	"desert; sea; jungle; ocean"	"artificial temperate; hot; tropical"
357	"Reikon Resonance Kappa"	5070	7.07	0.927	1.97	"hill"	"superheated"
358	"Fafnir Faunios"	8325	5.42	0.754	1.93	"barren; grassy hill"	"rocky; temperate; frozen; windy; subartic; arid"
359	"Cosmic Shadows XVI"	3692	2.5	1	1.36	"river; bog; savanna; rainforest; plain"	"hot; subartic; temperate; rocky; tropical"
360	"Cosmic Shadows XXIV"	3692	8.31	0.216	3.38	"jungle; cliff; acid pool; ice cave"	"superheated; frigid; rocky"
361	"Zenithrion Mu"	1558	4.48	1.237	1.54	"fungus forest; mountain; vine; city; rock arche; grassy hill"	"hot; rocky; humid; artic"
362	"Heliosara Nonal"	4603	7.74	na	1.82	"fungus forest; lakes; hill; reef; ice canyon; plateau"	"tropical; temperate; subartic; arid"
363	"Alpherg Janusian"	2690	7.72	1.374	1.78	"ocean; field; savanna; ice cave; fungus forest; ice canyon"	"windy; temperate; frigid; arid; tropical; artic"
364	"Alpherg Zephyrian"	2690	0.55	1.476	0.72	"cliff; city; lakes; river"	"humid; hot; artificial temperate; frozen; arid"
365	"Pulsar Serenity Liu"	4654	9.14	0.987	2.1	"sea; city; hill; rocky canyon; verdant"	"superheated; arid; artificial temperate; artic"
366	"Cosmara Dionian"	214	0.89	1.123	0.93	"forest"	"tropical; arid"
367	"Exoplantra Theta"	1982	1.26	0.538	1.33	"fungus forest; tundra; rocky canyon"	"artic; arid; tropical; hot; superheated; temperate"
368	"Cassionix San"	3507	5.21	0.869	1.82	"rock arche; urban"	"windy; arid; artificial temperate; rocky"
369	"Cassionix Jiu"	3507	1.21	0.822	1.14	"verdant; canyons; grassy hill; vine"	"hot; superheated; temperate"
370	"Cassionix Er"	3507	3.02	1.042	1.43	"river; plain"	"frozen; artificial temperate; windy; artic; tropical"
371	"Sarin Secant"	2476	3.11	1.037	1.44	"hill"	"tropical; frigid; arid; artic"
372	"Tsukiyo XVIII"	6072	3.01	0.845	1.53	"forest; grassy hill; field; swamp; ocean"	"subartic; frozen; temperate; humid"
373	"Kasumi Whisper Tritonian"	2225	2.71	0.755	1.53	"mountain; field; rock arche; grassy hill; acid pool; rocky desert"	"humid; superheated; hot; arid; subartic"
374	"Kaus Media Yi"	5545	8.96	1.376	1.87	"glacier; swamp; river; vine; savanna; hill"	"hot; frozen; rocky; tropical; temperate"
375	"Kaus Media Liu"	5545	0.91	0.983	0.97	"urban; ocean; rock arche"	"artic; tropical; humid"
376	"Kaus Media Qi"	5545	9.89	0.537	2.64	"canyons; bog; volcano; forest; vine"	"rocky; superheated; hot; windy"
377	"Saiph Chi"	6884	6.83	0.785	2.06	"river; urban; plateau; grassland; grassy hill; desert"	"artificial temperate; humid; frigid; superheated"
378	"Saiph Tau"	6884	4.14	1.152	1.53	"glacier"	"windy; rocky; frozen"
379	"Chasoň Nymphios"	3669	0.87	1.308	0.87	"cliff; lakes"	"arid; subartic; hot; rocky"
380	"Aludra Shi"	4078	1.13	1.396	0.93	"cityscape; grassy hill; ice canyon"	"subartic; superheated; humid"
381	"Aludra Yi"	4078	0.93	0.828	1.04	"rocky canyon; rocky island; desert"	"hot; tropical; windy; temperate"
382	"Mesarthim XXII"	1770	3.62	1.486	1.35	"cityscape; urban; plateau; fungus forest"	"humid; tropical; frozen"
383	"Hathor's Labyrinth Decimal"	4648	1.77	0.931	1.24	"savanna; plateau"	"superheated; temperate; artic; hot; subartic"
384	"Hathor's Labyrinth Septimal"	4648	3.13	1.275	1.35	"acid pool; jungle; river; rainforest"	"windy; superheated; frozen; humid; temperate"
385	"Obsidian Whispers VIII"	5634	2.3	1.253	1.22	"valley; bog"	"temperate; frigid; tropical"
386	"Obsidian Whispers V"	5634	4.28	0.763	1.78	"grassy hill; city"	"artificial temperate; superheated; rocky"
387	"Shizuku Seraph Gaian"	5834	1.67	0.394	1.62	"plain"	"artificial temperate; artic; superheated"
388	"Zenithrax Psi"	7316	1.79	0.988	1.22	"rocky island; reef"	"temperate; artificial temperate"
389	"Umi Celestial San"	7140	2.91	1.08	1.39	"mountain; cityscape; valley; ash; fungus forest; plateau; desert; sea"	"tropical; arid; superheated; frozen; subartic"
390	"Umi Celestial Er"	7140	2.48	na	1.34	"toxic cloudsea; plain"	"frigid; superheated; windy; artic"
391	"Blizzardclaw Octal"	7886	1.84	1.595	1.05	"barren; canyons"	"tropical; frigid; arid; temperate; artificial temperate"
392	"Blizzardclaw Duodecimal"	7886	2.92	1.182	1.35	"plateau; urban; mountain; glacier"	"artic; frigid; subartic"
393	"Inazuma Shadows Omicron"	4720	1.53	1.007	1.15	"jungle"	"superheated; arid; artificial temperate; tropical"
394	"Inazuma Shadows Zeta"	4720	7.14	0.87	2.02	"verdant; rainforest; island; rock arche"	"windy; temperate; hot; tropical"
395	"Revati XV"	2926	2.7	0.608	1.64	"plateau; cityscape"	"temperate; artificial temperate; frozen; frigid"
396	"Revati XXIV"	2926	7.36	0.753	2.14	"reef; hill"	"subartic; artificial temperate; frozen; arid"
397	"Adhara Athenian"	4496	0.44	0.769	0.83	"jungle; hill; island"	"humid; artic; hot"
398	"Ephemeral Abyss VI"	6925	3.24	0.802	1.59	"rocky canyon; city; cityscape; desert; field; rock arche; cliff; sea"	"windy; rocky; hot; temperate; artificial temperate; superheated; tropical"
399	"Ephemeral Abyss XIX"	6925	1.76	1.041	1.19	"rocky island; grassy hill"	"windy; temperate; artificial temperate"
400	"Kaze Horizon XVI"	4297	8.24	1.309	1.85	"rocky island; bog; plateau"	"subartic; rocky; humid; temperate; superheated"
401	"Ra's Ascendance Nu"	6070	1.9	0.925	1.27	"ice canyon; toxic cloudsea; reef; river; savanna"	"tropical; frozen; windy; frigid; superheated"
402	"Ra's Ascendance Chi"	6070	3.1	1.211	1.37	"urban; desert; rainforest"	"artic; hot; subartic; humid"
403	"Diphda VII"	6855	3.3	1.145	1.42	"valley"	"artificial temperate; temperate"
404	"Heliosys Yi"	8890	8.21	1.038	1.99	"grassy hill; ash; river; grassland; rainforest; sinkholes; acid pool"	"artificial temperate; tropical; temperate; arid; hot; frigid"
405	"Alrakis Poseidian"	2540	2.3	0.458	1.71	"jungle; canyons; urban; forest; vine; lakes"	"rocky; frozen; artificial temperate; humid"
406	"Blizzardrider XII"	4509	1.03	0.873	1.06	"rocky canyon"	"artic; tropical; temperate; subartic"
407	"Blizzardrider XXI"	4509	6.6	0.6	2.22	"ice canyon"	"subartic; temperate; superheated; windy; rocky; frigid"
408	"Blizzardrider XXII"	4509	3.54	0.489	1.93	"plateau; plain"	"humid; frigid; artificial temperate"
409	"Olympus Anomaly XII"	9401	na	1.446	1.12	"jungle; urban; cityscape; valley; ice canyon"	"arid; hot; artic; windy"
410	"Cleopatra's Loom Centaurios"	8303	0.84	0.989	0.95	"river"	"subartic; frigid; windy; frozen; artificial temperate"
411	"Tania Australis Si"	2915	2.33	0.866	1.39	"fungus forest; ice canyon; lava river; grassy hill; cityscape"	"frozen; frigid; arid; windy; hot"
412	"Nefertiti's Nebula Astraeos"	2821	2.12	1.282	1.18	"forest; rocky canyon"	"temperate; tropical; hot"
413	"Nefertiti's Nebula Morphean"	2821	1.99	1.264	1.16	"hill; rocky island; city"	"artificial temperate; temperate; humid; tropical"
414	"Nefertiti's Nebula Olympios"	2821	5.97	1.069	1.77	"mountain; toxic cloudsea; jungle"	"frigid; frozen; humid; artic"
415	"Citadelle Echoian"	6549	2.87	1.411	1.27	"cliff"	"windy; superheated; arid; temperate"
416	"Ukiyo's Resonance Herculean"	9306	5.27	1.156	1.66	"reef; toxic cloudsea; rainforest; ice canyon; rocky canyon"	"frozen; humid; windy; hot; artificial temperate"
417	"Electra Undecimal"	4450	6.04	0.812	1.95	"urban; swamp; jungle"	"tropical; artificial temperate; windy; hot"
418	"Timir Nonal"	5420	5.67	1.085	1.74	"grassy hill"	"artificial temperate; arid; temperate"
419	"Timir Vigesimal"	5420	8.19	1.293	1.85	"jungle; plain; volcano"	"superheated; artic; windy; humid; artificial temperate"
420	"Timir Duodecimal"	5420	4.75	1.02	1.67	"lakes"	"subartic; artificial temperate; tropical; rocky; frigid"
421	"Celestial Serenity Phi"	4114	1.93	1.162	1.18	"rocky desert; ocean; acid pool; vine"	"rocky; frigid; subartic; windy; temperate; humid"
422	"Komorebi Alpha"	7706	5.06	0.944	1.75	"plateau; city; canyons; rocky canyon; rocky island"	"rocky; subartic; temperate; artic; arid"
423	"Horna XIII"	7062	3.11	1.282	1.34	"rocky desert; savanna; desert"	"frozen; frigid; windy; hot"
424	"Lunarisol Persephonian"	1528	5.51	0.962	1.79	"volcano; fungus forest; hill; cliff; bog"	"arid; hot; subartic"
425	"Oakenshield Shi"	6631	3.34	0.859	1.57	"plateau; sea; bog; reef"	"artic; humid; tropical; windy"
426	"Oakenshield Yi"	6631	1.45	1.176	1.07	"volcano; rainforest; vine; rocky desert"	"superheated; hot; windy; humid"
427	"Gumala Pi"	8654	7.57	0.824	2.09	"canyons"	"frozen; superheated"
428	"Gumala Beta"	8654	6.31	1.082	1.8	"vine; ice cave; rocky island; cityscape"	"temperate; artificial temperate; humid; artic"
429	"Bosona Shi"	8972	na	1.099	1.24	"forest; rocky desert; island"	"frigid; rocky; tropical; artic"
430	"Bosona Jiu"	8972	2.13	0.997	1.29	"rocky canyon"	"frozen; humid; artificial temperate; superheated"
431	"Subra Qi"	169	5.62	0.907	1.84	"field; grassland"	"superheated; temperate"
432	"Unukalhai Delta"	6130	1.56	1.272	1.07	"jungle; jungle; lakes; toxic cloudsea; reef; cliff; island; canyons"	"artificial temperate; subartic; artic; rocky; tropical; windy; frozen"
433	"Unukalhai Sigma"	6130	0.95	1.014	0.98	"grassland"	"hot; temperate; subartic"
434	"Unukalhai Eta"	6130	5.16	1.484	1.51	"field; lakes; jungle; hill; rocky desert"	"windy; superheated; arid; temperate"
435	"Lerna Theta"	6787	5.42	0.723	1.96	"rocky canyon; savanna; river; grassy hill; plain; hill"	"frozen; artificial temperate; rocky; tropical; hot"
436	"Lerna Pi"	6787	0.88	0.969	0.97	"plain; rocky desert"	"humid; artificial temperate; hot; arid"
437	"Liesma Qi"	5696	3.69	0.913	1.59	"canyons; reef; urban"	"tropical; hot"
438	"Liesma Si"	5696	6.68	1.124	1.81	"desert; sinkholes; cave; urban; lakes"	"tropical; arid; superheated"
439	"Liesma Liu"	5696	3.55	1.084	1.48	"tundra"	"subartic; arid"
440	"Suhail Quartal"	6078	6.25	0.885	1.92	"cliff; reef"	"humid; hot; subartic; frigid"
441	"Merak XXII"	4039	4.78	0.809	1.81	"rainforest; field; cliff; rock arche; ocean"	"tropical; frigid; frozen"
442	"Merak V"	4039	6.28	0.925	1.89	"cityscape; hill"	"temperate; arid; superheated; hot"
443	"Alpheratz Zephyrian"	6228	3.76	1.054	1.53	"rocky canyon; scrubland"	"arid; frigid"
444	"Lunariara Beta"	1290	6.06	1.192	1.72	"island; barren; rock arche; vine; acid pool; valley; grassland"	"frigid; arid; rocky; humid; frozen"
445	"Lunariara Lambda"	1290	6.25	1.078	1.8	"ice cave"	"artificial temperate; windy; tropical; frozen; frigid"
446	"Lunariara Phi"	1290	1.35	1.058	1.08	"acid pool"	"hot; subartic; artificial temperate"
447	"Kurai Veil Asclepian"	6949	7.89	0.447	2.6	"grassland; cliff"	"humid; rocky; artic; temperate"
448	"Kitalpha Delta"	6634	2.16	1.062	1.27	"valley; island"	"artic; temperate; frozen"
449	"Kitalpha Lambda"	6634	na	0.854	1.6	"reef"	"artificial temperate; humid; frigid"
450	"Salm Harpian"	9341	7.22	1.095	1.88	"plateau; tundra; jungle; rocky canyon; reef; rainforest"	"artic; humid; temperate; windy; rocky"
451	"Eclipsix XXIV"	403	8.47	1.153	1.94	"canyons; glacier"	"superheated; arid; artic"
452	"Nunki Iota"	6658	2.58	0.866	1.44	"plain; lakes; tundra; mountain; cave"	"subartic; frozen; humid"
453	"Abyssal Echoes Yi"	160	2.74	0.762	1.53	"valley; acid pool"	"superheated; arid; rocky; frigid"
454	"Abyssal Echoes Liu"	160	1.03	1.125	0.97	"ash; hill"	"temperate; arid; windy; frozen; artificial temperate; superheated"
455	"Abyssal Echoes Qi"	160	1.62	1.086	1.14	"grassy hill; cliff; jungle"	"tropical; frigid; artificial temperate; windy"
456	"Dombay Morphean"	5046	5.77	0.907	1.85	"glacier; lakes; verdant; plateau; mountain"	"artic; frozen; subartic; windy"
457	"Galaxy Seraph Oranos"	9056	3.31	0.881	1.55	"savanna"	"artic; arid"
458	"Tiaki Faunios"	2591	2.21	0.51	1.63	"valley; grassy hill; desert; vine; plain; jungle; glacier"	"temperate; humid; arid; subartic; artificial temperate; superheated; artic"
459	"Drakonir Dionysios"	5617	0.64	0.977	0.87	"river; urban; acid pool; island; jungle; ash; city; lakes"	"windy; hot; rocky; temperate; artificial temperate; arid; tropical"
460	"Drakonir Hermesios"	5617	na	1.323	1.55	"rocky desert; forest; tundra; savanna"	"tropical; arid; hot; rocky; frozen; superheated; artificial temperate"
461	"Ukiyo Reverie Typhonian"	4372	3.19	1.094	1.43	"plain; rainforest"	"subartic; windy; tropical"
462	"Chalawan Omega"	8062	3.57	0.99	1.53	"lakes"	"hot"
463	"Diadem X"	3244	0.78	1.429	0.82	"city; ice cave"	"artic; frozen; rocky; subartic"
464	"Torcular Aphroditos"	2761	5.13	0.835	1.83	"savanna"	"frigid; tropical"
465	"Alkaid Shi"	6622	na	1.007	1.62	"ocean; rocky desert"	"humid"
466	"Alkaid Wu"	6622	6.16	0.94	1.87	"canyons; cave"	"hot; arid; superheated; windy"
467	"Alkaid Jiu"	6622	1.36	1.164	1.05	"sinkholes; bog; ice cave; plateau"	"hot; artic; subartic"
468	"Enigmatic Abyss Mu"	8534	3.69	1.457	1.36	"rocky canyon; hill"	"arid; subartic; tropical; windy"
469	"Illyrian Tertial"	7059	4.43	0.98	1.65	"sea; grassy hill"	"artic; temperate; subartic; artificial temperate; frigid"
470	"Illyrian Vigesimal"	7059	1.44	0.838	1.2	"sea"	"tropical"
471	"Illyrian Nonal"	7059	4.37	1.11	1.58	"urban; lakes"	"windy; hot; artificial temperate; humid; tropical"
472	"Arneb Morphean"	2933	2.05	0.745	1.4	"city; lava river"	"frigid; hot; subartic; rocky; windy"
473	"Arneb Helios"	2933	1.92	0.432	1.64	"savanna"	"windy; rocky; humid; tropical; artic; frigid"
474	"Mizar Apollox"	8240	3.46	0.498	1.91	"acid pool; cave; lakes; ocean"	"hot; rocky; artificial temperate; frozen; superheated"
475	"Deneb Ba"	2471	0.99	1.179	0.94	"acid pool; rocky island; tundra; hill; glacier; field; reef"	"artificial temperate; temperate; frigid; subartic; hot"
476	"Deneb Yi"	2471	3	0.676	1.64	"glacier; acid pool"	"rocky; humid; tropical; subartic"
477	"Gienah Ba"	5039	1.47	0.971	1.15	"urban"	"humid; windy; artificial temperate"
478	"Gienah Wu"	5039	6.2	0.898	1.9	"savanna; field; cityscape"	"windy; rocky; hot"
479	"Athebyne XI"	5242	0.92	1.11	0.94	"river"	"windy; subartic; superheated; tropical; frozen"
480	"Arcanix Lambda"	4873	2.19	0.98	1.31	"rainforest; rocky canyon; plain; lakes; island; field"	"temperate; artificial temperate; humid; arid; windy"
481	"Ephemeral Labyrinth Xi"	6062	0.81	1.26	0.86	"plateau; vine; lakes"	"rocky; hot; arid"
482	"Unurgunite Alpha"	3484	4.72	1.265	1.55	"glacier; forest; ash; sea"	"subartic; humid; hot"
483	"Sadalmelik Lambda"	6959	5.04	1.086	1.67	"valley"	"hot"
484	"Sadalmelik Epsilon"	6959	1.83	1.272	1.13	"rock arche; cliff; desert"	"artic; superheated"
485	"Sadalmelik Beta"	6959	0.67	1.252	0.81	"bog; island; plateau; ocean; jungle; hill"	"hot; frozen; tropical; windy; subartic"
486	"Quasarionyx Septimal"	5823	1.06	0.612	1.2	"tundra; reef; hill; jungle"	"superheated; frozen; windy; frigid; humid"
487	"Quasarionyx Sextant"	5823	2.2	1.007	1.3	"mountain; canyons"	"superheated; hot"
488	"Zhang Epsilon"	9868	1.62	1.244	1.09	"sinkholes; field"	"humid; artificial temperate; frigid; artic; windy; hot"
489	"Zhang Rho"	9868	2.51	1.002	1.36	"desert"	"subartic; hot; windy; temperate"
490	"Sadachbia Harpian"	1254	5.29	1.154	1.66	"mountain; cave; sea"	"hot; superheated"
491	"Icarian Cipher Selenean"	1229	7.83	0.517	2.47	"rainforest; forest; ocean"	"humid; tropical; windy; hot; superheated"
492	"Icarian Cipher Hecatean"	1229	2.21	1.248	1.21	"mountain"	"humid"
493	"Icarian Cipher Typhonian"	1229	2.36	1.077	1.3	"cliff"	"temperate; artificial temperate"
494	"Alkes Xi"	9295	1.75	0.808	1.29	"tundra; verdant; hill"	"subartic; arid"
495	"Oborozuki IV"	9638	0.46	0.66	0.89	"canyons; city; bog; tundra; fungus forest"	"rocky; tropical; hot"
496	"Oborozuki XXII"	9638	3.05	0.949	1.48	"forest; lakes; grassy hill; savanna; plateau; ice canyon; ocean; valley"	"frozen; hot; tropical; frigid; arid; superheated"
497	"Kasumi XI"	1157	4.45	0.881	1.72	"jungle; rocky island; verdant"	"rocky; artificial temperate; humid; hot; artic; temperate"
498	"Karaka Hestian"	1045	4.91	1.019	1.69	"mountain"	"humid"
499	"Hatysa IX"	7304	1.54	1.212	1.08	"island; ocean"	"subartic; frigid; hot; tropical; rocky; humid"
500	"Hatysa XXIII"	7304	6.13	0.728	2.03	"forest; glacier; mountain; acid pool; lava river"	"hot; humid; frigid; tropical; temperate"
501	"Hatysa XX"	7304	1.06	0.484	1.3	"reef; hill; jungle"	"windy; frigid; artificial temperate; hot; subartic"
502	"Xamidimura Olympus"	255	na	1.162	0.93	"toxic cloudsea; river; desert; cliff; ocean; cityscape; hill; tundra"	"subartic; artic; hot; tropical; frozen"
503	"Ombria Persephonian"	3136	2.07	1.261	1.18	"tundra"	"rocky; frozen"
504	"Ombria Poseidian"	3136	3.05	0.998	1.45	"field; jungle"	"rocky; frigid; arid; hot; tropical; temperate; humid"
505	"Ombria Olympios"	3136	3.36	0.726	1.67	"river"	"rocky; arid"
506	"Arcanum Flux Rho"	7416	2.98	1.269	1.33	"acid pool; cityscape; urban; sea; scrubland; canyons"	"hot; subartic; arid; artificial temperate; frozen"
507	"Stoneshaper Upsilon"	257	1.67	1.038	1.17	"cave; jungle; grassy hill; jungle; mountain; fungus forest"	"artic; tropical; temperate; artificial temperate"
508	"Stoneshaper Phi"	257	0.69	0.919	0.91	"island"	"windy; subartic; artificial temperate"
509	"Mahsati Gaios"	7101	na	0.743	1.96	"plateau"	"frozen; tropical"
510	"Mahsati Cerberian"	7101	6.26	0.967	1.86	"tundra; canyons; mountain; savanna; ice canyon; vine; forest"	"artic; subartic; humid; frozen; tropical; artificial temperate; superheated"
511	"Sulafat Duodecimal"	9023	1.54	1.066	1.13	"rocky island"	"superheated; subartic; temperate"
512	"Sulafat Nonal"	9023	3.54	1.095	1.48	"sea"	"tropical; windy; humid"
513	"Zaniah VI"	1429	3.21	0.852	1.56	"river"	"arid; humid; frigid; superheated"
514	"Zaniah VIII"	1429	3.34	1.284	1.38	"canyons"	"artic; superheated; frozen"
515	"Zaniah XVII"	1429	5.1	1.546	1.49	"ocean"	"windy; temperate"
516	"Uchū Orphean"	9014	1.51	1.131	1.1	"cave"	"subartic; frigid; artificial temperate"
517	"Nefertiti's Beacon Si"	9550	6.06	1.264	1.69	"verdant; rainforest; city"	"humid; temperate; artificial temperate; frigid"
518	"Nefertiti's Beacon Shi"	9550	4.54	1.186	1.56	"mountain; lava river"	"tropical; superheated"
519	"Musica Cerberian"	8023	2.08	1.041	1.26	"cityscape; lava river; forest; acid pool"	"artificial temperate; hot; frigid; superheated"
520	"Musica Athenian"	8023	7.22	0.85	2.04	"cliff"	"windy; superheated; artic"
521	"Pulsar Radiance IX"	1842	1.9	0.698	1.4	"lakes"	"arid; subartic; superheated"
522	"Koi's Whisper VIII"	6758	1.99	1.349	1.14	"city; canyons; vine; barren"	"humid; frigid; tropical; artificial temperate; arid; windy; superheated"
523	"Koi's Whisper XX"	6758	6.51	1.197	1.76	"tundra; desert; lakes; scrubland; rocky canyon"	"arid; humid; rocky"
524	"Nebulonara Theta"	2929	6.5	0.987	1.87	"valley; rainforest; plateau; river; canyons; plain"	"subartic; humid; tropical; artificial temperate; frigid; frozen"
525	"Nebulonara Beta"	2929	7.62	0.421	2.63	"acid pool; rocky island"	"windy; rocky; frozen"
526	"Nebulonara Tau"	2929	4.93	1.154	1.62	"ice canyon; sea; valley; acid pool; plain; reef"	"tropical; frigid; humid; artificial temperate; hot; artic"
527	"Cocibolca Sirenios"	5382	0.43	1.159	0.72	"grassland; cliff"	"artic; hot; frigid; tropical; temperate"
528	"Menkib Duodecimal"	6167	4.13	1.029	1.59	"plateau; rocky island; grassy hill; reef"	"tropical; temperate; rocky; humid; superheated; windy"
529	"Menkib Quintal"	6167	1.03	1.26	0.94	"canyons; lava river; volcano"	"superheated; artificial temperate"
530	"Vortexarian Echoian"	3430	4.04	1.13	1.53	"swamp"	"frigid; artificial temperate; artic; tropical"
531	"Vortexarian Olympus"	3430	1.17	0.857	1.11	"sinkholes; barren; lava river"	"arid; superheated; tropical; artic"
532	"Zephyriax Prime"	5404	3.45	0.889	1.57	"rainforest"	"frigid; superheated; artic"
533	"Starlight Haven Zephyrian"	5398	0.69	1.15	0.84	"savanna"	"arid; superheated"
534	"Lunar Mirage Poseidian"	2415	1.16	1.083	1.02	"cliff; desert; verdant; mountain"	"hot; temperate; subartic"
535	"Vindemiatrix Eosian"	5804	3.22	0.465	1.91	"plateau"	"subartic; windy; temperate"
536	"Amun-Ra Mirage IV"	2979	5.21	0.89	1.8	"lakes"	"humid; frigid"
537	"Terebellum Septimal"	1161	2.9	1.062	1.4	"city"	"superheated; windy; arid; rocky"
538	"Aldulfin Janusian"	8634	2.31	0.915	1.36	"sea; cave; canyons; fungus forest; ice canyon"	"artificial temperate; frigid; frozen; hot"
539	"Geisha's Mirage VI"	6342	5.58	0.891	1.84	"glacier; verdant; city; rocky island"	"artificial temperate; subartic; temperate"
540	"Cosmaraith Sirenios"	2616	5.23	0.398	2.36	"forest; volcano; island; sinkholes"	"humid; tropical; rocky; superheated; frigid; windy"
541	"Astrobane Nonal"	305	2.64	0.903	1.43	"lava river; desert"	"superheated; humid; frozen"
542	"Astrobane Octal"	305	0.5	1.323	0.72	"river"	"humid; temperate; subartic"
543	"Igniflux Xi"	7958	0.35	1.065	0.69	"cliff; rock arche"	"rocky; hot; subartic; artic"
544	"Koi's Radiance Nemesisian"	5905	4.77	0.666	1.93	"ocean; bog; scrubland; urban; rocky canyon; rock arche; cave; island; tundra"	"humid; superheated; artic; arid; frozen; artificial temperate"
545	"Kamuy IV"	919	1.75	1.074	1.18	"grassy hill; island; valley"	"superheated; humid"
546	"Kamuy II"	919	0.76	1.154	0.87	"hill; valley; reef; lakes; river"	"artificial temperate; superheated; frigid; subartic; rocky"
547	"Merope XXI"	4485	1.44	0.955	1.15	"rocky desert; lava river; urban"	"frigid; artificial temperate; arid; humid"
548	"Merope XI"	4485	7.01	0.716	2.14	"desert"	"rocky; frigid; subartic"
549	"Alkarab Vigesimal"	4205	3.94	na	1.35	"field; plain; jungle; glacier"	"artic; artificial temperate; hot; rocky"
550	"Exoplanix Typhonian"	8606	5.13	1.16	1.64	"glacier; cave; grassy hill"	"subartic; artic; humid; frigid"
551	"Exoplanix Aetherios"	8606	8.08	0.999	2.01	"fungus forest; river; lakes"	"rocky; hot; artic; frozen; tropical; subartic"
552	"Geminga Atlasios"	1485	na	0.684	1.61	"verdant"	"frozen"
553	"Petra Museios"	7115	5.85	1.135	1.73	"urban"	"artificial temperate; humid; subartic"
554	"Aldhibah Janusian"	5954	2.11	1.097	1.24	"island; savanna; mountain"	"frozen; artic; tropical"
555	"Solarflarex XXIV"	2713	1.75	na	1.17	"sea; grassy hill; river; lakes; verdant"	"artic; humid; arid; superheated"
556	"Obelisk Whisper Octal"	7333	2.55	0.847	1.44	"ice canyon; bog; hill; verdant; lava river; tundra; rocky island; desert"	"humid; temperate; superheated; frozen; arid; rocky"
557	"Quasarion Sirenios"	5814	0.66	1.112	0.84	"toxic cloudsea; desert; mountain"	"rocky; windy; artic; arid"
558	"Cassioth Eta"	322	6.88	0.771	2.07	"ocean; grassy hill"	"humid"
559	"Cassioth Beta"	322	1.94	1.103	1.21	"lakes; urban; valley"	"artic; frigid; windy"
560	"Amadioha Athenian"	3474	1.82	1.036	1.21	"hill; city"	"windy; frozen; subartic"
561	"Aegis Obscura Xi"	4138	4.98	0.66	1.96	"island; vine; verdant; river; forest"	"temperate; artificial temperate; subartic"
562	"Bubup Chimeraean"	5518	1.22	0.933	1.09	"hill; jungle; tundra"	"frigid; tropical"
563	"Celestial Ember Qi"	178	4.82	1.546	1.46	"swamp; river; city; rocky desert; savanna"	"frigid; humid; rocky"
564	"Celestial Ember Er"	178	2.41	1.471	1.18	"canyons"	"frozen; rocky; arid"
565	"Nushagak Persephonian"	5079	5.18	0.704	1.94	"rocky canyon; verdant"	"frigid; rocky; hot; windy; artificial temperate"
566	"Luminous Wraith Artemian"	5279	8.12	0.911	2.07	"grassy hill; reef; jungle; vine"	"temperate; tropical; hot; subartic"
567	"Uzumaki Celestial VII"	6506	8.43	1.18	1.93	"cityscape; city; ocean; rock arche; jungle; rocky island; plain"	"artificial temperate; tropical; artic; windy; subartic; humid; superheated"
568	"Azha Lambda"	4355	6.29	1.076	1.8	"urban; rock arche"	"artic; subartic; windy"
569	"Sphinx Nebula Tritonian"	4347	1.47	0.913	1.17	"glacier; river; grassland; bog; rocky canyon"	"temperate; artic; arid"
570	"Stellarnova Sextant"	6318	3.89	na	1.62	"island; mountain; sea"	"tropical; temperate; artic; rocky; frozen"
571	"Stellarnova Vigesimal"	6318	0.6	1.167	0.8	"rock arche; city; toxic cloudsea"	"artic; windy; artificial temperate; tropical; temperate; humid"
572	"Thunderpeak Prime"	3103	0.82	1.058	0.92	"vine; jungle"	"artificial temperate; frigid; windy; superheated"
573	"Thunderpeak Duodecimal"	3103	1.38	0.687	1.26	"cliff"	"frozen; tropical; rocky; hot"
574	"Vorpal Abyss Yi"	2769	9.85	1.264	1.98	"volcano"	"superheated"
575	"Vorpal Abyss Wu"	2769	1.36	1.692	0.93	"cliff"	"tropical; subartic; temperate"
576	"Násti Quartal"	9425	1.38	1.171	1.06	"vine; glacier"	"artificial temperate; frozen"
577	"Tarf Mu"	3247	7.85	0.852	2.1	"island; cityscape; ice canyon; toxic cloudsea; lava river; rock arche"	"temperate; hot; rocky; windy; frozen; frigid; humid"
578	"Inazuma Mu"	7306	2.66	1.274	1.28	"lava river"	"tropical; frozen; windy; hot"
579	"Quantum Gaze Athenian"	5960	4.74	1.21	1.58	"valley; cliff; desert; cityscape; ice cave"	"humid; rocky; arid; frigid"
580	"Diya XV"	460	5.66	1.055	1.75	"verdant; valley; plateau"	"arid; frigid"
581	"Aquilan Anomaly Prime"	752	3.55	1.39	1.37	"rocky island"	"temperate; subartic"
582	"Xihe XVI"	3512	1	1.115	0.96	"grassland; cave"	"humid; frigid; tropical"
583	"Sakura Seraph Er"	910	5.88	0.902	1.87	""	"windy"
584	"Sakura Seraph Wu"	910	8.52	0.755	2.24	"plain; river; savanna; mountain; jungle"	"hot; frigid; superheated"
585	"Skjoldr IX"	5508	3.84	0.919	1.61	"forest; ocean; plain; reef"	"superheated; tropical; frigid; artic; subartic"
586	"Minelauva Cerberian"	2680	7.88	na	2.66	"rocky island; reef; bog; city"	"rocky; humid; artificial temperate; artic"
587	"Minelauva Poseidian"	2680	1.63	0.994	1.18	"plateau; cave; forest; vine; lava river"	"subartic; rocky; temperate; superheated; tropical"
588	"Minelauva Astraeos"	2680	8.39	0.898	2.11	"rock arche"	"artic; subartic"
589	"Kasai Ember Phi"	6562	5.84	1.232	1.68	"ice cave; cave"	"subartic; frozen; windy; frigid; hot"
590	"Marsic Athenian"	5926	1.37	0.93	1.14	"cliff; ocean"	"temperate; arid; windy"
591	"Spectral Veil XII"	9713	9.01	1.186	1.97	"rainforest; rock arche; tundra"	"superheated; frigid; frozen"
592	"Spectral Veil XV"	9713	6.72	0.507	2.37	"volcano"	"superheated; windy"
593	"Spectral Veil XX"	9713	3.2	0.553	1.8	"barren; field"	"arid; frozen; temperate; artificial temperate"
594	"Kaminari Enigma Tritonian"	4266	1.97	1.028	1.24	"city; plateau; valley; fungus forest"	"artic; subartic; tropical; frozen"
595	"Alnasl VI"	7287	1.52	1.298	1.05	"field; rainforest; verdant; ocean"	"artic; subartic; tropical; artificial temperate; frigid"
596	"Astral Nexus Zephyrian"	5142	2.33	na	1.29	"canyons; rocky desert; scrubland; cliff; grassland"	"subartic; humid; temperate; arid; hot"
597	"Astral Nexus Titanos"	5142	7.87	0.811	2.13	"rocky desert; verdant; savanna; toxic cloudsea; sea"	"frigid; superheated; temperate; frozen; artificial temperate"
598	"Rastaban Centaurios"	9813	8.83	0.845	2.19	"plateau; jungle; jungle"	"windy; hot; frigid"
599	"Bastet's Mirage Pi"	7138	8.3	1.243	1.88	"mountain; jungle; canyons; fungus forest"	"artic; hot; artificial temperate; frigid"
600	"Bastet's Mirage Nu"	7138	1.95	0.804	1.34	"valley; plateau; volcano; ocean; river; urban; fungus forest; jungle"	"temperate; subartic; artificial temperate; tropical; hot"
601	"Hunor Nymphios"	2193	1.22	na	1.04	"rocky canyon; grassy hill; ice cave"	"temperate; windy; subartic; artificial temperate"
602	"Pipirima Epsilon"	5337	3.17	1.427	1.3	"grassy hill; cliff; rock arche; ice canyon"	"rocky; frigid; artificial temperate; subartic"
603	"Koeia Quartal"	4703	9.7	1.293	1.96	"desert; urban; rock arche; rocky canyon; ocean"	"artificial temperate; arid; frigid; rocky; superheated"
604	"Koeia Tertial"	4703	na	1.331	1.25	"plain; city"	"subartic; frozen; superheated; rocky"
605	"Solaraflux Echoian"	9685	1.38	0.943	1.14	"vine; lakes; volcano; cityscape"	"arid; artificial temperate; windy; temperate; superheated; tropical; rocky"
606	"Amansinaya Duodecimal"	4164	3.39	0.687	1.7	"vine; river; bog; rocky canyon; fungus forest; canyons"	"tropical; hot; subartic; superheated"
607	"Anser Omicron"	1283	2.48	1.089	1.32	"vine; island"	"windy; temperate"
608	"Hamal Prime"	2007	2.67	0.675	1.58	"rocky island; ice canyon; rocky canyon; plateau; rock arche"	"artificial temperate; temperate; frozen; frigid"
609	"Aldebaran Asclepian"	1856	2.03	0.956	1.29	"desert; river; urban"	"superheated; temperate; subartic"
610	"Merga XII"	768	3.59	0.81	1.64	"savanna; field; urban; hill; island"	"artificial temperate; superheated; temperate; frigid"
611	"Merga XV"	768	1.35	0.516	1.38	"plateau"	"subartic; humid; hot"
612	"Penumbrion Oranos"	1753	3.05	0.747	1.6	"grassy hill"	"rocky; humid; frigid"
613	"Alphard Er"	3321	1.79	0.84	1.29	"cliff; sinkholes; vine"	"arid; artic; frigid; superheated; windy"
614	"Galaxy Prism VI"	549	0.77	0.811	0.98	"cliff"	"superheated; frozen; rocky"
615	"Jishui Zephyrian"	4488	9.2	0.843	2.22	"canyons"	"superheated; subartic; artificial temperate"
616	"Frostfang Undecimal"	1063	na	1.251	1.02	"vine; jungle; lava river; field; lakes; rocky canyon"	"arid; tropical; frigid; frozen; artificial temperate"
617	"Quasar Nova Omicron"	2822	5.21	1.004	1.73	"tundra; canyons; rainforest; verdant; field"	"temperate; artificial temperate; rocky; tropical"
618	"Hunahpú Asclepian"	7996	5.07	0.913	1.77	"scrubland"	"arid; frozen; windy; hot"
619	"Ninja's Horizon Qi"	355	0.35	1.136	0.68	"fungus forest"	"subartic; windy; hot; artic"
620	"Wasat Wu"	7797	7.67	1.125	1.9	"vine"	"hot; frigid"
621	"Etherios Prime"	560	2.93	1.339	1.3	"savanna; rock arche; rocky canyon; cave"	"artic; arid; rocky; frozen"
622	"Phantasmal Echo Jiu"	9029	2.32	1.004	1.32	"cave; lava river; sea; reef; bog; cliff; valley"	"temperate; superheated; frigid; humid; artic"
623	"Phantasmal Echo Si"	9029	6.14	1.119	1.76	"hill; rocky canyon; city; plain; sinkholes"	"frigid; hot; artic; arid"
624	"Errai Decimal"	2010	8.01	1.445	1.77	"plateau; rock arche; scrubland; canyons"	"rocky; arid; frozen; artic"
625	"Errai Duodecimal"	2010	8.19	0.958	2.04	"reef; island; lakes; ocean; rocky canyon; grassy hill; grassland; cliff"	"hot; superheated; temperate; frozen; rocky"
626	"Errai Tertial"	2010	8.35	0.532	2.5	"city; cityscape; fungus forest"	"superheated; tropical"
627	"Ravenshadow Olympus"	86	4.33	1.081	1.59	"plateau; ocean; river; cave; rocky desert"	"frigid; frozen; subartic; windy"
628	"Zubeneschamali XVII"	5392	1.29	1.266	1.01	"savanna"	"superheated; windy; arid; rocky; tropical"
629	"Zubeneschamali XIV"	5392	5.2	0.823	1.85	"rocky desert; jungle"	"hot; subartic; frozen; arid; frigid"
630	"Shogun's Resonance Nemesisian"	3157	0.96	1.225	0.92	"acid pool; rocky island; urban"	"arid; rocky"
631	"Clandestine Nebula XXI"	6982	3.4	1.171	1.43	"field; rainforest"	"humid; frozen"
632	"Clandestine Nebula XX"	6982	5.64	0.711	1.99	"hill; rocky island; city"	"frigid; hot; rocky"
633	"Clandestine Nebula IX"	6982	7.08	1.161	1.83	"lakes; cave; ash; savanna; plateau; desert; jungle; city"	"tropical; frozen; subartic; superheated; rocky; temperate"
634	"Aldhanab Nyxios"	9186	4.46	0.956	1.67	"toxic cloudsea; valley; cliff; ocean; field"	"windy; temperate; humid; artic"
635	"Aldhanab Oranos"	9186	1.97	0.714	1.4	"river; valley; canyons; scrubland; plain"	"artic; arid; superheated; subartic"
636	"Aldhanab Museios"	9186	0.75	0.383	1.25	"ash; barren"	"temperate; tropical; artic; hot; arid; frigid"
637	"Ashlesha Faunios"	9106	1.16	1.276	0.97	"reef; verdant; lakes; cityscape; cave; acid pool"	"frozen; hot; subartic; tropical"
638	"Orion's Elegance Artemian"	4300	2.1	0.835	1.36	"river"	"humid; temperate; superheated; tropical; artic; artificial temperate"
639	"Orion's Elegance Nyxios"	4300	0.86	0.958	0.96	"rock arche; cave"	"frozen"
640	"Orion's Elegance Cerberian"	4300	0.96	0.777	1.07	"grassy hill; cliff"	"frigid; windy; arid; superheated; hot"
641	"Ra's Echo Dionysios"	7583	3.14	1.094	1.42	"valley; grassy hill; rock arche; sinkholes"	"frozen; temperate; superheated"
642	"Galactic Ember II"	4100	7.25	1.142	1.85	"plain; lava river; verdant; sea; river"	"arid; rocky; subartic; hot"
643	"Galactic Ember XII"	4100	3.52	1.372	1.37	"vine; bog; river"	"temperate; frigid; frozen"
644	"Galactic Ember X"	4100	5.69	1.232	1.67	"lava river; tundra"	"rocky; superheated"
645	"Kawa Enigma Atlasios"	7775	3.02	1.001	1.44	"rock arche; fungus forest; city; rainforest; acid pool"	"artificial temperate; humid; frozen; artic"
646	"Astroflux Astraeos"	7222	3.62	na	1.68	"cityscape; sea; jungle; rocky desert; vine"	"tropical; artic; windy; superheated; rocky; hot"
647	"Astral Mirage Olympus"	2306	0.72	1.184	0.85	"tundra"	"rocky; tropical"
648	"Zypheria Athenian"	5353	1.96	0.656	1.44	"cliff; urban"	"frozen; subartic; windy"
649	"Kamikaze Ascendance Nyxios"	8553	7.31	1.34	1.76	"jungle; grassland; volcano; ocean; canyons; hill; tundra; plain; cliff"	"frozen; hot; subartic; superheated; tropical; artificial temperate; temperate"
650	"Kamikaze Ascendance Herculean"	8553	3.18	1.572	1.26	"cliff; island; vine; valley"	"frozen; rocky; artificial temperate"
651	"Nenque Qi"	1322	7.95	0.75	2.2	"barren"	"arid; artificial temperate; windy"
652	"Nenque Si"	1322	5.04	1.431	1.52	""	"windy"
653	"Nenque San"	1322	2.47	0.842	1.43	"savanna; cityscape; rocky island; cliff"	"tropical; frozen; rocky; hot; windy"
654	"Tenshi Echoes Janusian"	3063	3.5	0.648	1.75	"toxic cloudsea; jungle; plain; reef"	"frozen; frigid; tropical"
655	"Thoth's Nebula Tertial"	3706	na	0.971	1.82	"bog"	"tropical; rocky; artificial temperate; temperate"
656	"Thoth's Nebula Duodecimal"	3706	6.5	0.547	2.28	"plain; savanna; mountain; grassland; hill; volcano"	"artic; tropical; hot; rocky; humid"
657	"Bastet's Horizon Orphean"	8813	5.04	0.731	1.9	"forest; rainforest; plain"	"superheated; frigid; temperate; subartic; hot"
658	"Yami Silence Er"	4378	3.17	1.343	1.33	"fungus forest; field"	"tropical; windy; hot; temperate"
659	"Yami Silence Liu"	4378	1.31	0.858	1.15	"lakes; cave"	"humid; windy; artificial temperate; subartic"
660	"Yed Posterior Quartal"	2699	4.75	0.841	1.78	"ocean; rocky desert"	"humid; temperate"
661	"Yed Posterior Nonal"	2699	3.27	1.156	1.41	"toxic cloudsea; ocean; rocky canyon; forest; plateau"	"arid; tropical; temperate; artic"
662	"Meridiana Faunios"	5764	3.97	0.805	1.7	"canyons"	"rocky; frozen"
663	"Stellar Whisper Museios"	9599	5.98	0.994	1.82	"ice canyon; lakes; valley"	"artic; frigid"
664	"Stellar Whisper Nemesisian"	9599	2.37	1.391	1.19	"field"	"temperate; superheated; artic; hot"
665	"Cervantes Tritonian"	5434	1.83	1.365	1.1	"rock arche; rocky canyon; hill"	"temperate; hot"
666	"Cosmic Enigma Quintal"	6459	0.95	0.607	1.16	"sinkholes; mountain; vine; city; hill"	"hot; humid; artificial temperate; superheated; windy"
667	"Cosmic Enigma Vigesimal"	6459	1.48	1.052	1.12	"lakes; toxic cloudsea; tundra; ocean; sea"	"tropical; artificial temperate; windy; artic; frozen"
668	"Cosmic Enigma Septimal"	6459	2.97	0.857	1.51	"rainforest; bog"	"frigid; humid; temperate; rocky; frozen"
669	"Darkonium Kappa"	3530	9.71	1.057	2.09	"glacier; island; lakes; sinkholes; valley; barren; ice canyon"	"hot; artificial temperate; temperate; tropical; arid; subartic; windy"
670	"Darkonium Xi"	3530	2.47	1.166	1.28	"tundra; ice canyon"	"superheated; subartic"
671	"Poerava XIX"	3086	8.65	0.873	2.15	"swamp; rocky island"	"hot; artic; frozen; temperate; tropical; frigid"
672	"Shogun's Loom Cerberian"	1267	5.44	0.892	1.83	"forest; cliff; urban"	"arid; windy; rocky"
673	"Shogun's Loom Aphroditos"	1267	5.33	1.493	1.53	"lakes; cliff; ice cave; acid pool; valley"	"subartic; hot; windy; frozen"
674	"Ayame Cascade III"	6163	0.46	1.11	0.75	"plain; fungus forest; vine"	"windy; arid; humid; superheated; frozen"
675	"Ayame Cascade XIV"	6163	3.26	1.068	1.45	"ocean; hill"	"frozen; humid; windy; frigid; arid"
676	"Ecliptix XVII"	2370	1.37	0.487	1.41	"jungle; rainforest; cave; reef; mountain; rock arche; jungle; urban"	"superheated; temperate; tropical; artificial temperate; rocky"
677	"Arcadian Whispers Pi"	9220	0.94	1.124	0.94	"valley; city; rainforest; bog; glacier; urban; grassland"	"artificial temperate; subartic; temperate; frigid; tropical"
678	"Arcadian Whispers Phi"	9220	2.31	1.314	1.21	"bog; ice cave; glacier; valley; hill"	"temperate; windy; subartic; superheated"
679	"Arcadian Whispers Zeta"	9220	0.97	1.304	0.91	"field; plain; toxic cloudsea; hill; fungus forest; river; rainforest; jungle; urban; cave"	"subartic; frozen; superheated; artic; tropical; artificial temperate; temperate"
680	"Zubenelhakrabi Poseidian"	9239	2.26	0.842	1.39	"sea"	"arid; artificial temperate; hot; temperate"
681	"Thalassa's Shroud Dionysios"	5499	8.61	0.888	2.13	"acid pool; sinkholes"	"superheated; rocky"
682	"Thalassa's Shroud Apollox"	5499	1.82	0.773	1.33	"plain; vine"	"frigid; arid; windy"
683	"Quantum Quasar V"	5367	5.84	0.919	1.85	"vine"	"tropical; arid; superheated; artificial temperate"
684	"Aetherial Mirage Kappa"	957	1.65	1.052	1.16	"lava river"	"windy; tropical; hot; superheated"
685	"Scarabian Horizon Omega"	4312	4.15	0.546	1.97	"rocky desert; sinkholes; forest; island; vine; city"	"superheated; temperate; arid; hot"
686	"Galaxaraith X"	2482	3.29	0.635	1.73	"rocky island; acid pool"	"temperate; tropical; windy; humid; artificial temperate"
687	"Hannya Cosmos Hecatean"	1013	3.04	0.915	1.49	"island; jungle; reef; sea; urban"	"artificial temperate; temperate; tropical; rocky; windy"
688	"Pulsara Aetherios"	2845	1.26	0.929	1.11	"urban"	"frigid; tropical; artic; superheated; frozen; artificial temperate"
689	"Pulsara Orphean"	2845	7.09	0.734	2.13	"tundra; lakes; jungle"	"humid; frozen; subartic"
690	"Orionara IV"	7739	7.68	0.818	2.11	"hill"	"windy; subartic; artificial temperate"
691	"Orionara VIII"	7739	1.54	1.219	1.08	"cliff; ice cave"	"frigid; subartic; arid; artic"
692	"Arkab Prior II"	5115	8.73	1.122	1.98	"field; reef"	"windy; artificial temperate; humid; subartic; artic"
693	"Vermilion Expanse Beta"	3091	0.66	0.895	0.9	"reef"	"tropical; frozen"
694	"Vermilion Expanse Omicron"	3091	2.24	0.76	1.43	"lava river; plain"	"hot; humid; tropical; windy"
695	"Vermilion Expanse Phi"	3091	4.39	0.941	1.67	"urban; plain; ice cave; ice canyon"	"artic; temperate; subartic; rocky"
696	"Tapecue Hecatean"	4317	3.85	1.226	1.46	"lava river; desert; plain; canyons; valley"	"temperate; superheated; rocky; artificial temperate; artic; humid"
697	"Kawa X"	1489	2.16	1.286	1.19	"grassy hill; ocean"	"artificial temperate; subartic; superheated"
698	"Kawa XII"	1489	7.5	1.309	1.79	"river; valley; bog; city; volcano"	"artificial temperate; artic; temperate; frozen; hot; tropical"
699	"Elysian Anomaly Jiu"	9839	0.36	0.841	0.75	"toxic cloudsea"	"tropical; artic; subartic"
700	"Elysian Anomaly Ba"	9839	6.69	0.494	2.38	"canyons"	"frigid; temperate"
701	"Nebulosys Hecatean"	638	1.49	1.288	1.05	"jungle; valley; jungle"	"hot; artic; artificial temperate"
702	"Tesserion X"	3100	7.56	1.108	1.9	"field; savanna"	"tropical; frozen"
703	"Tesserion V"	3100	3.26	0.763	1.62	"acid pool; reef; grassy hill"	"temperate; rocky; artic; tropical; frozen; windy"
704	"Sharjah Astraeos"	1586	9.47	1.001	2.11	"mountain; savanna; vine; desert; ash"	"windy; temperate; subartic; superheated; rocky; frigid"
705	"Franz Pegasusian"	821	1.21	0.726	1.19	"urban"	"artificial temperate; temperate; hot; frigid; windy"
706	"Ignitionix II"	8573	1.04	0.867	1.06	"ice canyon; island; hill; ice cave; cityscape"	"artic; humid; tropical; rocky"
707	"Taiyangshou XVI"	3253	1.9	0.872	1.3	"fungus forest; plain; ocean; plateau; field"	"temperate; subartic; frigid; artic; superheated; tropical"
708	"Samurai's Ember Psychean"	400	1.01	0.946	1.02	"mountain; city"	"temperate"
709	"Samurai's Ember Hecatean"	400	2.63	0.915	1.42	"scrubland"	"windy; tropical; frigid; arid"
710	"Samurai's Ember Harpian"	400	3.76	1.459	1.37	"lakes; grassland; field; fungus forest; ice cave; rocky canyon"	"tropical; humid; frozen; artificial temperate"
711	"Solaris Shroud Apollox"	7385	7.05	1.053	1.88	"river; glacier; bog; city; lakes"	"tropical; windy; artificial temperate; subartic; artic"
712	"Dracozen Delta"	2535	2.41	0.921	1.38	"forest"	"humid; frigid; artic"
713	"Saclateni Sigma"	4403	1.03	0.765	1.1	"verdant; canyons"	"rocky"
714	"Okab XII"	7098	0.41	0.898	0.77	"rock arche"	"temperate; windy; tropical"
715	"Okab XVI"	7098	1.77	0.871	1.27	"field; urban; jungle; vine; tundra; lava river; ice cave; plain; cliff"	"hot; artificial temperate; frozen; superheated; subartic; temperate"
716	"Okab V"	7098	9.09	1.323	1.9	"savanna; city; verdant"	"artificial temperate; superheated"
717	"Mjoltr III"	7086	1.16	0.854	1.11	"rainforest; urban; lakes; sea; acid pool; plain; plateau; volcano"	"artic; arid; superheated; humid; subartic"
718	"Nova Cascade Wu"	6759	5.63	na	1.84	"lava river; mountain; bog"	"humid; hot; temperate; frigid"
719	"Nova Cascade Jiu"	6759	8.3	0.587	2.42	"sea; forest"	"rocky; hot; superheated; arid; windy; subartic; artificial temperate"
720	"Copernicus Helios"	7851	1.69	0.68	1.35	"lakes"	"artic; frozen"
721	"Nebulion Quartal"	814	1.37	1.293	1.02	"jungle; forest"	"artic; frigid; tropical"
722	"Nebulion Quintal"	814	2.76	0.922	1.44	"canyons; cave"	"humid; superheated; rocky; tropical"
723	"Nebulion Prime"	814	0.95	0.82	1.05	"bog; ice cave; rock arche; sinkholes; toxic cloudsea"	"arid; rocky; hot; humid; temperate; artificial temperate; frozen"
724	"Dziban II"	5809	2.77	1.026	1.39	"ice canyon; plain; jungle; valley; fungus forest"	"frigid; artificial temperate; tropical; artic; subartic"
725	"Alhena Secant"	8311	na	1.405	0.87	"field; jungle"	"temperate; superheated; windy; hot"
726	"Praecipua Nymphios"	8919	5.37	1.327	1.59	"rocky island; rocky desert; jungle"	"frozen; frigid; superheated; temperate; tropical"
727	"Koi Horizon Janusian"	341	3.69	1.401	1.38	"plain; bog; lakes; cliff; ice canyon"	"frigid; tropical; hot; frozen"
728	"Kaze Celestial Theta"	8030	1.07	0.763	1.12	"verdant; city"	"artic; tropical; windy; superheated"
729	"Kaze Celestial Mu"	8030	0.51	na	0.71	"urban"	"tropical; windy; arid"
730	"Albaldah Yi"	4544	1.99	0.837	1.33	"cliff; island; ocean; canyons; urban"	"temperate; rocky; artic"
731	"Albaldah Er"	4544	3.25	1.16	1.41	"reef; lakes; grassland"	"humid; superheated; artificial temperate; windy; rocky"
732	"Albaldah Jiu"	4544	4.23	0.631	1.89	"lava river; hill; sinkholes; volcano; savanna"	"temperate; artic; superheated"
733	"Titanium Quasar Mu"	1211	5.56	0.57	2.14	"cave; cliff"	"artic"
734	"Etherion Omicron"	1247	2.44	1.384	1.21	"savanna"	"artic; rocky; windy"
735	"Etherion Omega"	1247	2.48	na	1.38	"bog; grassy hill"	"temperate; frigid; humid; artificial temperate"
736	"Etherion Tau"	1247	8	0.958	2.03	"cave; hill; lakes; desert; urban; sea"	"frozen; artic; artificial temperate; arid"
737	"Sargas Olympios"	1248	3.71	1.268	1.43	"rocky island; field"	"humid; rocky; frozen"
738	"Procyon VII"	3841	6.85	0.715	2.12	"rocky canyon; rock arche"	"frozen; artic; arid"
739	"Menkar Shi"	7523	5.24	0.808	1.87	"cityscape; plateau"	"humid; windy; frozen"
740	"Menkar Ba"	5522	2.51	1.272	1.25	"island; sea; tundra; reef"	"artic; frigid; windy; subartic"
741	"Chamukuy Nu"	570	7.2	0.863	2.03	"cliff; rocky desert; tundra; jungle"	"windy; rocky; superheated; tropical; arid"
742	"Astrobix Duodecimal"	3083	5.61	1.496	1.55	"jungle; desert; rocky island"	"humid; artic; frozen; windy; arid"
743	"Astrobix Septimal"	3083	8.7	1.376	1.85	"mountain; rainforest; field; jungle; volcano"	"tropical; subartic; hot"
744	"Symbionix Herculean"	2027	2.29	1.03	1.3	"river; lava river; jungle"	"frigid; superheated; artic; windy"
745	"Solaris X"	7398	6.63	1.175	1.78	"lava river; field; jungle; cityscape; island; tundra; hill"	"artificial temperate; hot; subartic; arid; rocky"
746	"Altais Decimal"	3578	5.72	0.914	1.84	"cliff; jungle; sinkholes"	"windy; artic; subartic; frozen; temperate; hot"
747	"Cosmosol VI"	9788	1.27	1.032	1.07	"river; lava river; reef"	"hot; rocky"
748	"Cosmosol XVIII"	9788	0.35	0.688	0.8	"savanna; rainforest; grassy hill"	"rocky; superheated; frozen; humid; windy"
749	"Asellus Borealis Qi"	3970	1.95	1.465	1.1	"island"	"rocky; temperate; frozen; subartic; arid; frigid"
750	"Asellus Borealis Ba"	3970	0.72	0.972	0.9	"jungle; vine; river; field"	"frigid; rocky; artificial temperate; tropical"
751	"Orion's Echo VII"	2082	1.05	1.007	1.01	"canyons; volcano; desert"	"frigid; rocky; hot"
752	"Orion's Echo XIV"	2082	4.01	0.358	2.24	"valley"	"arid; frozen; artic; humid"
753	"Vesperian Whimsy Athenian"	9694	6.77	0.204	3.21	"verdant; rocky island"	"rocky; artificial temperate; windy"
754	"Vesperian Whimsy Janusian"	9694	6.29	0.633	2.15	"vine; plain"	"arid; hot"
755	"Cleopatra's Expanse Nereidos"	2106	5.37	0.847	1.85	"sinkholes"	"temperate; tropical; frozen; frigid; subartic; hot"
756	"Cosmosith Shi"	2123	1.99	0.955	1.28	"urban; city; cityscape"	"arid; temperate"
757	"Lygos Veil Decimal"	8277	6.52	0.748	2.06	"toxic cloudsea; hill"	"hot; windy; frozen; artic"
758	"Lygos Veil Quartal"	8277	1.55	0.847	1.22	"glacier"	"windy; arid; subartic; frigid; artificial temperate"
759	"Alsafi XX"	563	2.29	0.564	1.6	"hill; tundra"	"temperate; superheated; frigid; artic; tropical"
760	"Stellarnox Aetherios"	1903	1.96	0.511	1.56	"vine; toxic cloudsea; glacier; grassy hill; field; ice cave"	"artic; frozen; windy; temperate; subartic; frigid"
761	"Aniara Chimeraean"	7692	3.8	0.676	1.78	"canyons"	"windy; subartic; rocky"
762	"Amatsu Echo IV"	4769	1.14	0.846	1.1	"verdant; cityscape"	"temperate; rocky"
763	"Stormweaver III"	8000	1.2	1.368	0.96	"acid pool; island"	"temperate; arid; hot; artic"
764	"Stormweaver XIV"	8000	8.08	0.604	2.37	"rocky canyon; valley"	"temperate; humid; subartic"
765	"Stormweaver XXII"	8000	0.9	1.031	0.96	"lava river; plain; ocean; desert; valley"	"arid; frigid; tropical; artificial temperate"
766	"Isis' Celestial Hermesios"	5859	3.52	0.548	1.86	"ice canyon; tundra; glacier; cityscape; acid pool"	"tropical; frigid; superheated; hot"
767	"Caph Quintal"	2519	3.55	0.793	1.65	""	"windy"
768	"Photonara VII"	5735	5.94	0.652	2.09	"lava river; rainforest; vine; ocean"	"frozen; tropical; arid; frigid"
769	"Quantumara Janusian"	6901	0.57	0.968	0.84	"field; tundra; canyons"	"subartic; artificial temperate; windy; frigid"
770	"Titawin Helios"	4431	3.27	0.867	1.56	"valley; cliff; hill; grassy hill; rock arche"	"artificial temperate; frozen; windy; frigid; rocky"
771	"Cryptic Mirage Echoian"	5760	2.83	1.155	1.35	"desert; jungle; plain; cave"	"frigid; subartic; arid; superheated"
772	"Sakura Radiance Kappa"	3769	7.41	1.166	1.85	"ice cave; reef; lava river; sinkholes"	"frigid; artificial temperate; hot"
773	"Dìwö Delta"	1999	5.04	0.805	1.84	"glacier; valley; jungle"	"artic; subartic; superheated"
774	"Vortexian Prime"	6238	7.39	0.933	1.99	"rainforest; cityscape; rocky canyon; forest; island; ice cave; glacier"	"frozen; tropical; arid; humid; artic"
775	"Polaris Australis Echoian"	8853	2.82	1.033	1.4	"plain"	"hot; temperate; frozen; rocky; artificial temperate"
776	"Canopus Qi"	1905	5.45	0.711	1.97	"hill; forest; glacier; desert; canyons"	"artic; rocky; artificial temperate; subartic"
777	"Atria Mu"	1116	1.92	0.88	1.3	"river; vine"	"subartic; temperate; artificial temperate; arid; hot; windy"
778	"Atria Rho"	1116	8.43	1.526	1.77	"cave; field; sea; glacier; canyons"	"frozen; temperate; humid"
779	"Brimstone Tertial"	1997	7.83	0.976	2	"ice canyon; forest"	"artificial temperate; windy; superheated; frigid"
780	"Scheat III"	4891	7.19	0.894	2	"rocky canyon; cave; field; savanna; jungle"	"arid; subartic; rocky; frigid; hot"
781	"Flegetonte V"	5722	7.27	1.062	1.9	"bog; urban; sinkholes"	"frigid; artic; frozen; artificial temperate; hot; windy"
782	"Nashira Yi"	27	7.37	0.788	2.11	"city"	"superheated; temperate; tropical"
783	"Spectral Serenity Tertial"	7596	1.59	1.221	1.09	"cave; rock arche"	"subartic; windy"
784	"Spectral Serenity Undecimal"	7596	2.73	1.158	1.33	"ice canyon"	"tropical; artic; superheated; temperate"
785	"Spectral Serenity Octal"	7596	0.47	0.903	0.8	"vine"	"frigid; rocky"
786	"Runeblade XVIII"	6735	1.94	0.867	1.31	"glacier; valley; plateau"	"subartic; frozen"
787	"Runeblade VI"	6735	4.63	0.798	1.8	"forest; cliff; lakes; rock arche; grassy hill; plain"	"windy; artic; humid; frozen; artificial temperate; temperate; arid"
788	"Celaeno Prime"	3933	2.2	1.135	1.25	"hill; jungle; valley; plateau"	"humid; rocky; artificial temperate"
789	"Yurei Celestial Poseidian"	7865	0.99	1.119	0.96	"ocean"	"frigid; artic"
